"Authors","Author full names","Author(s) ID","Title","Year","Source title","Volume","Issue","Art. No.","Page start","Page end","Page count","Cited by","DOI","Link","Document Type","Publication Stage","Open Access","Source","EID"
"Sharma A.; Shrivastava B.P.","Sharma, Ajay (57752264200); Shrivastava, Bhavana P. (57202434941)","57752264200; 57202434941","Different Techniques of Image SR Using Deep Learning: A Review","2023","IEEE Sensors Journal","23","3","","1724","1733","9","1","10.1109/JSEN.2022.3229046","https://www.scopus.com/inward/record.uri?eid=2-s2.0-85146253092&doi=10.1109%2fJSEN.2022.3229046&partnerID=40&md5=7cb1faa83f6dd36b89c3ec72db14667e","Article","Final","","Scopus","2-s2.0-85146253092"
"Patel H.; Chudasama V.; Prajapati K.; Upla K.P.; Raja K.; Ramachandra R.; Busch C.","Patel, Heena (57209145428); Chudasama, Vishal (57202047982); Prajapati, Kalpesh (57217177596); Upla, Kishor P. (53985429600); Raja, Kiran (57188866050); Ramachandra, Raghavendra (57190835798); Busch, Christoph (7101767185)","57209145428; 57202047982; 57217177596; 53985429600; 57188866050; 57190835798; 7101767185","ThermISRnet: An efficient thermal image super-resolution network","2021","Optical Engineering","60","7","073101","","","","1","10.1117/1.OE.60.7.073101","https://www.scopus.com/inward/record.uri?eid=2-s2.0-85111000768&doi=10.1117%2f1.OE.60.7.073101&partnerID=40&md5=488a826cba12ad676f8906bed408a86f","Article","Final","","Scopus","2-s2.0-85111000768"
"Qin J.; Zhang R.","Qin, Jinghui (57206887467); Zhang, Rumin (56484862300)","57206887467; 56484862300","Lightweight single image super-resolution with attentive residual refinement network","2022","Neurocomputing","500","","","846","855","9","10","10.1016/j.neucom.2022.05.066","https://www.scopus.com/inward/record.uri?eid=2-s2.0-85131683197&doi=10.1016%2fj.neucom.2022.05.066&partnerID=40&md5=5a6bc72e31a2daa50c7db094b59ba98c","Article","Final","","Scopus","2-s2.0-85131683197"
"Shen H.-Y.; Lee Y.-C.; Tong T.-W.; Yang C.-H.","Shen, Hsueh-Yen (57222335067); Lee, Yu-Chi (57281753200); Tong, Tzu-Wei (57214474070); Yang, Chia-Hsiang (9534061100)","57222335067; 57281753200; 57214474070; 9534061100","A 40-nm 91-mW, 90-fps Learning-Based Full HD Super-Resolution Accelerator","2023","IEEE Journal of Solid-State Circuits","58","2","","520","529","9","0","10.1109/JSSC.2022.3207951","https://www.scopus.com/inward/record.uri?eid=2-s2.0-85148116239&doi=10.1109%2fJSSC.2022.3207951&partnerID=40&md5=ba818c07e41d875141ddf34056f45438","Article","Final","","Scopus","2-s2.0-85148116239"
"Li G.; Ji J.; Qin M.; Niu W.; Ren B.; Afghah F.; Guo L.; Ma X.","Li, Gen (57192196770); Ji, Jie (58154616500); Qin, Minghai (55005560500); Niu, Wei (57215926433); Ren, Bin (55421237300); Afghah, Fatemeh (25928232700); Guo, Linke (58154174700); Ma, Xiaolong (57197713621)","57192196770; 58154616500; 55005560500; 57215926433; 55421237300; 25928232700; 58154174700; 57197713621","Towards High-Quality and Efficient Video Super-Resolution via Spatial-Temporal Data Overfitting","2023","Proceedings of the IEEE Computer Society Conference on Computer Vision and Pattern Recognition","2023-June","","","10259","10269","10","0","10.1109/CVPR52729.2023.00989","https://www.scopus.com/inward/record.uri?eid=2-s2.0-85173920821&doi=10.1109%2fCVPR52729.2023.00989&partnerID=40&md5=a1d979f7fbef5bce1631a8ac8b98edd6","Conference paper","Final","All Open Access; Green Open Access","Scopus","2-s2.0-85173920821"
"Ignatov A.; Timofte R.; Chiang C.-M.; Kuo H.-K.; Xu Y.-S.; Lee M.-Y.; Lu A.; Cheng C.-M.; Chen C.-C.; Yong J.-Y.; Shuai H.-H.; Cheng W.-H.; Jia Z.; Xu T.; Zhang Y.; Bao L.; Sun H.; Zhang D.; Gao S.; Liu S.; Wu B.; Zhang X.; Zheng C.; Lu K.; Wang N.; Sun X.; Wu H.D.; Liu X.; Zhang W.; Yan C.; Du H.; Zheng Q.; Wang Q.; Chen W.; Duan R.; Sun M.; Zhu D.; Chen G.; Cho H.; Kim S.; Yue S.; Li C.; Zhuge Z.; Chen W.; Wang W.; Zhou Y.; Cai X.; Cai H.; Xu K.; Liu L.; Cheng Z.; Lian W.; Lian W.","Ignatov, Andrey (57194704046); Timofte, Radu (35812778400); Chiang, Cheng-Ming (57218705870); Kuo, Hsien-Kai (41461650400); Xu, Yu-Syuan (57218711398); Lee, Man-Yu (57218708250); Lu, Allen (58022564400); Cheng, Chia-Ming (56692017600); Chen, Chih-Cheng (56110227400); Yong, Jia-Ying (58023002300); Shuai, Hong-Han (50662015600); Cheng, Wen-Huang (24775341200); Jia, Zhuang (57386185000); Xu, Tianyu (57869895600); Zhang, Yijian (57870188400); Bao, Long (57218708541); Sun, Heng (57894129300); Zhang, Diankai (57278892900); Gao, Si (57652404100); Liu, Shaoli (57654064100); Wu, Biao (57653515300); Zhang, Xiaofeng (57653515400); Zheng, Chengjian (57654624700); Lu, Kaidi (57279769400); Wang, Ning (55467192400); Sun, Xiao (58603656900); Wu, HaoDong (58022564600); Liu, Xuncheng (57223242683); Zhang, Weizhan (24473907300); Yan, Caixia (57195327469); Du, Haipeng (26428651900); Zheng, Qinghua (56113889000); Wang, Qi (58022350300); Chen, Wangdu (58022350400); Duan, Ran (57210374006); Sun, Mengdi (57225864937); Zhu, Dan (57217403014); Chen, Guannan (57226557368); Cho, Hojin (57985447900); Kim, Steve (57984910600); Yue, Shijie (58160932600); Li, Chenghua (57191621469); Zhuge, Zhengyang (57985265300); Chen, Wei (58460263800); Wang, Wenxu (58022564800); Zhou, Yufeng (57478312200); Cai, Xiaochen (58022142200); Cai, Hengxing (57197714478); Xu, Kele (56413567000); Liu, Li (57221211535); Cheng, Zehua (57210104209); Lian, Wenyi (57870356600); Lian, Wenjing (57870356700)","57194704046; 35812778400; 57218705870; 41461650400; 57218711398; 57218708250; 58022564400; 56692017600; 56110227400; 58023002300; 50662015600; 24775341200; 57386185000; 57869895600; 57870188400; 57218708541; 57894129300; 57278892900; 57652404100; 57654064100; 57653515300; 57653515400; 57654624700; 57279769400; 55467192400; 58603656900; 58022564600; 57223242683; 24473907300; 57195327469; 26428651900; 56113889000; 58022350300; 58022350400; 57210374006; 57225864937; 57217403014; 57226557368; 57985447900; 57984910600; 58160932600; 57191621469; 57985265300; 58460263800; 58022564800; 57478312200; 58022142200; 57197714478; 56413567000; 57221211535; 57210104209; 57870356600; 57870356700","Power Efficient Video Super-Resolution on Mobile NPUs with Deep Learning, Mobile AI & AIM 2022 Challenge: Report","2023","Lecture Notes in Computer Science (including subseries Lecture Notes in Artificial Intelligence and Lecture Notes in Bioinformatics)","13803 LNCS","","","130","152","22","0","10.1007/978-3-031-25066-8_6","https://www.scopus.com/inward/record.uri?eid=2-s2.0-85151167744&doi=10.1007%2f978-3-031-25066-8_6&partnerID=40&md5=8dbd647cd12a3e05325fd931e6a8365c","Conference paper","Final","","Scopus","2-s2.0-85151167744"
"Ignatov A.; Timofte R.; Denna M.; Younes A.; Gankhuyag G.; Huh J.; Kim M.K.; Yoon K.; Moon H.-C.; Lee S.; Choe Y.; Jeong J.; Kim S.; Smyl M.; Latkowski T.; Kubik P.; Sokolski M.; Ma Y.; Chao J.; Zhou Z.; Gao H.; Yang Z.; Zeng Z.; Zhuge Z.; Li C.; Zhu D.; Sun M.; Duan R.; Gao Y.; Kong L.; Sun L.; Li X.; Zhang X.; Zhang J.; Wu Y.; Pan J.; Yu G.; Zhang J.; Zhang F.; Ma Z.; Wang H.; Cho H.; Kim S.; Li H.; Ma Y.; Luo Z.; Li Y.; Yu L.; Wen Z.; Wu Q.; Fan H.; Liu S.; Zhang L.; Zong Z.; Kwon J.; Zhang J.; Li M.; Fu N.; Ding G.; Zhu H.; Chen Z.; Li G.; Zhang Y.; Sun L.; Zhang D.; Yang N.; Liu F.; Zhao J.; Ayazoglu M.; Bilecen B.B.; Hirose S.; Arunruangsirilert K.; Ao L.; Leung H.C.; Wei A.; Liu J.; Liu Q.; Yu D.; Li A.; Luo L.; Zhu C.; Hong S.; Park D.; Lee J.; Lee B.H.; Lee S.; Chun S.Y.; He R.; Jiang X.; Ruan H.; Zhang X.; Liu J.; Gendy G.; Sabor N.; Hou J.; He G.","Ignatov, Andrey (57194704046); Timofte, Radu (35812778400); Denna, Maurizio (57203551168); Younes, Abdel (57224983506); Gankhuyag, Ganzorig (27867715400); Huh, Jingang (57985092600); Kim, Myeong Kyun (57984910300); Yoon, Kihwan (57984191400); Moon, Hyeon-Cheol (57846451700); Lee, Seungho (57984191500); Choe, Yoonsik (7102998299); Jeong, Jinwoo (57221000644); Kim, Sungjei (25652751100); Smyl, Maciej (57222665511); Latkowski, Tomasz (54581253800); Kubik, Pawel (57985265100); Sokolski, Michal (57984910500); Ma, Yujie (57980316200); Chao, Jiahao (57985447700); Zhou, Zhou (57985265200); Gao, Hongfan (57985447800); Yang, Zhengfeng (9044570600); Zeng, Zhenbing (55908429000); Zhuge, Zhengyang (57985265300); Li, Chenghua (57191621469); Zhu, Dan (57217403014); Sun, Mengdi (57225864937); Duan, Ran (57210374006); Gao, Yan (57984191700); Kong, Lingshun (57886746800); Sun, Long (57215283954); Li, Xiang (57216372742); Zhang, Xingdong (57984557700); Zhang, Jiawei (57194062920); Wu, Yaqi (57207458920); Pan, Jinshan (55258321100); Yu, Gaocheng (57658018200); Zhang, Jin (57658328700); Zhang, Feng (57207771718); Ma, Zhe (57656735000); Wang, Hongbin (57226259149); Cho, Hojin (57985447900); Kim, Steve (57984910600); Li, Huaen (57961149800); Ma, Yanbo (57290601200); Luo, Ziwei (57224852729); Li, Youwei (57222956827); Yu, Lei (57224851077); Wen, Zhihong (57652896100); Wu, Qi (57652896000); Fan, Haoqiang (56096618000); Liu, Shuaicheng (36466496400); Zhang, Lize (57233449400); Zong, Zhikai (57200146943); Kwon, Jeremy (57984373800); Zhang, Junxi (57885590500); Li, Mengyuan (57984191800); Fu, Nianxiang (57985265400); Ding, Guanchen (57221559608); Zhu, Han (57221180146); Chen, Zhenzhong (55737671700); Li, Gen (58160986100); Zhang, Yuanfan (57727293500); Sun, Lei (57747896200); Zhang, Dafeng (57668087200); Yang, Neo (57984733400); Liu, Fitz (57985448000); Zhao, Jerry (57985265600); Ayazoglu, Mustafa (35791665200); Bilecen, Bahri Batuhan (57758455400); Hirose, Shota (57226646143); Arunruangsirilert, Kasidis (57897818000); Ao, Luo (57985265700); Leung, Ho Chun (57191737122); Wei, Andrew (57984910700); Liu, Jie (57867696900); Liu, Qiang (58460198200); Yu, Dahai (57216456050); Li, Ao (57194654659); Luo, Lei (35275273000); Zhu, Ce (7403439404); Hong, Seongmin (8917629500); Park, Dongwon (57205630005); Lee, Joonhee (55689961400); Lee, Byeong Hyun (57980316400); Lee, Seunggyu (57979939400); Chun, Se Young (55419135100); He, Ruiyuan (57984191900); Jiang, Xuhao (57203923337); Ruan, Haihang (57749678500); Zhang, Xinjian (57219737427); Liu, Jing (58411228900); Gendy, Garas (56523253500); Sabor, Nabil (36661293200); Hou, Jingchao (57858415600); He, Guanghui (35931805200)","57194704046; 35812778400; 57203551168; 57224983506; 27867715400; 57985092600; 57984910300; 57984191400; 57846451700; 57984191500; 7102998299; 57221000644; 25652751100; 57222665511; 54581253800; 57985265100; 57984910500; 57980316200; 57985447700; 57985265200; 57985447800; 9044570600; 55908429000; 57985265300; 57191621469; 57217403014; 57225864937; 57210374006; 57984191700; 57886746800; 57215283954; 57216372742; 57984557700; 57194062920; 57207458920; 55258321100; 57658018200; 57658328700; 57207771718; 57656735000; 57226259149; 57985447900; 57984910600; 57961149800; 57290601200; 57224852729; 57222956827; 57224851077; 57652896100; 57652896000; 56096618000; 36466496400; 57233449400; 57200146943; 57984373800; 57885590500; 57984191800; 57985265400; 57221559608; 57221180146; 55737671700; 58160986100; 57727293500; 57747896200; 57668087200; 57984733400; 57985448000; 57985265600; 35791665200; 57758455400; 57226646143; 57897818000; 57985265700; 57191737122; 57984910700; 57867696900; 58460198200; 57216456050; 57194654659; 35275273000; 7403439404; 8917629500; 57205630005; 55689961400; 57980316400; 57979939400; 55419135100; 57984191900; 57203923337; 57749678500; 57219737427; 58411228900; 56523253500; 36661293200; 57858415600; 35931805200","Efficient and Accurate Quantized Image Super-Resolution on Mobile NPUs, Mobile AI & AIM 2022 Challenge: Report","2023","Lecture Notes in Computer Science (including subseries Lecture Notes in Artificial Intelligence and Lecture Notes in Bioinformatics)","13803 LNCS","","","92","129","37","8","10.1007/978-3-031-25066-8_5","https://www.scopus.com/inward/record.uri?eid=2-s2.0-85151119704&doi=10.1007%2f978-3-031-25066-8_5&partnerID=40&md5=61449bc933aacee924a7df71cb8fd2e5","Conference paper","Final","","Scopus","2-s2.0-85151119704"
"Park H.-J.; Shin J.; Kim H.; Koh Y.J.","Park, Hwa-Jong (57736395200); Shin, Junho (57221337692); Kim, Hyunseop (57736722300); Koh, Yeong Jun (56004682900)","57736395200; 57221337692; 57736722300; 56004682900","Light Field Image Super-Resolution Based on Multilevel Structures","2022","IEEE Access","10","","","59135","59144","9","2","10.1109/ACCESS.2022.3179834","https://www.scopus.com/inward/record.uri?eid=2-s2.0-85131738431&doi=10.1109%2fACCESS.2022.3179834&partnerID=40&md5=6cc6be6965dc0802fb56b3736155ec53","Article","Final","All Open Access; Gold Open Access","Scopus","2-s2.0-85131738431"
"Sharma P.; Mohanram B.; Vijayashree J.; Jayashree J.; Sahoo A.R.","Sharma, Prith (58175900300); Mohanram, Brigadesh (58175425900); Vijayashree, J. (57190985580); Jayashree, J. (57191669840); Sahoo, Aditya Raj (58175668400)","58175900300; 58175425900; 57190985580; 57191669840; 58175668400","Image Enhancement using ESRGAN for CNN based X-Ray Classification","2022","Proceedings of 5th International Conference on Contemporary Computing and Informatics, IC3I 2022","","","","1965","1969","4","0","10.1109/IC3I56241.2022.10072472","https://www.scopus.com/inward/record.uri?eid=2-s2.0-85152077754&doi=10.1109%2fIC3I56241.2022.10072472&partnerID=40&md5=405d657b56f69af735249ff5062fe52b","Conference paper","Final","","Scopus","2-s2.0-85152077754"
"Chen Z.; Liu J.; Yang J.; Yang W.","Chen, Zhensen (57225111722); Liu, Jianran (57204954697); Yang, Jingmin (57204143914); Yang, Wenyuan (55927230800)","57225111722; 57204954697; 57204143914; 55927230800","Super-resolution network-based fractional-pixel motion compensation","2021","Signal, Image and Video Processing","15","7","","1547","1554","7","1","10.1007/s11760-021-01887-5","https://www.scopus.com/inward/record.uri?eid=2-s2.0-85109139964&doi=10.1007%2fs11760-021-01887-5&partnerID=40&md5=ee8017bdc9c7d52112757e64091636f8","Article","Final","","Scopus","2-s2.0-85109139964"
"Vavilala V.; Meyer M.","Vavilala, Vaibhav (54080777100); Meyer, Mark (55386487500)","54080777100; 55386487500","Towards large-scale super resolution datasets via learned downsampling of ray-traced renderings","2021","ACM SIGGRAPH 2021 Talks, SIGGRAPH 2021","","","","","","","0","10.1145/3450623.3464631","https://www.scopus.com/inward/record.uri?eid=2-s2.0-85112711287&doi=10.1145%2f3450623.3464631&partnerID=40&md5=5e6fb285915ff29db9ef0683bfdb1e51","Conference paper","Final","","Scopus","2-s2.0-85112711287"
"Song W.; Xu J.","Song, Wei (56602097300); Xu, Jiping (57455011700)","56602097300; 57455011700","A Super-resolution Image Reconstruction Algorithm of Molten Droplet Based on Multi-feature Fusion Method","2021","ACM International Conference Proceeding Series","","","","49","57","8","0","10.1145/3468920.3468927","https://www.scopus.com/inward/record.uri?eid=2-s2.0-85124698793&doi=10.1145%2f3468920.3468927&partnerID=40&md5=fa636584449ca4805b097065a16541a4","Conference paper","Final","","Scopus","2-s2.0-85124698793"
"Deshmukh A.B.; Usha Rani N.","Deshmukh, Amar B. (57208484969); Usha Rani, N. (55644818000)","57208484969; 55644818000","Optimization-driven kernel and deep convolutional neural network for multi-view face video super resolution","2020","International Journal of Digital Crime and Forensics","12","3","","77","95","18","2","10.4018/IJDCF.2020070106","https://www.scopus.com/inward/record.uri?eid=2-s2.0-85083578442&doi=10.4018%2fIJDCF.2020070106&partnerID=40&md5=5510f368aa5f6b1bcbd7a8e93379c82c","Article","Final","All Open Access; Hybrid Gold Open Access","Scopus","2-s2.0-85083578442"
"Bhardwaj K.; Gope D.; Ward J.; Whatmough P.; Loh D.","Bhardwaj, Kartikeya (56925013600); Gope, Dibakar (36514602100); Ward, James (57392545900); Whatmough, Paul (26031186900); Loh, Danny (57222870570)","56925013600; 36514602100; 57392545900; 26031186900; 57222870570","Super-Efficient Super Resolution for Fast Adversarial Defense at the Edge","2022","Proceedings of the 2022 Design, Automation and Test in Europe Conference and Exhibition, DATE 2022","","","","418","423","5","1","10.23919/DATE54114.2022.9774624","https://www.scopus.com/inward/record.uri?eid=2-s2.0-85130808496&doi=10.23919%2fDATE54114.2022.9774624&partnerID=40&md5=89ecb90ddadc70739a2c0a2f753b0527","Conference paper","Final","All Open Access; Green Open Access","Scopus","2-s2.0-85130808496"
"Zhang C.","Zhang, Chuo (57809309000)","57809309000","Technology Strategy for Meticulous Governance of Smart Cities: Memory Bus Width Aware Pruning for Efficient Image Super-Resolution Implementation in FPGA","2022","Journal of Physics: Conference Series","2294","1","012003","","","","0","10.1088/1742-6596/2294/1/012003","https://www.scopus.com/inward/record.uri?eid=2-s2.0-85134413211&doi=10.1088%2f1742-6596%2f2294%2f1%2f012003&partnerID=40&md5=e9966bdb0971c9c838aeb2d7cebdeabf","Conference paper","Final","All Open Access; Gold Open Access","Scopus","2-s2.0-85134413211"
"Weiss S.; Chu M.; Thuerey N.; Westermann R.","Weiss, Sebastian (57210507258); Chu, Mengyu (57196000654); Thuerey, Nils (26024848800); Westermann, Rudiger (7005320805)","57210507258; 57196000654; 26024848800; 7005320805","Volumetric Isosurface Rendering with Deep Learning-Based Super-Resolution","2021","IEEE Transactions on Visualization and Computer Graphics","27","6","8918030","3064","3078","14","24","10.1109/TVCG.2019.2956697","https://www.scopus.com/inward/record.uri?eid=2-s2.0-85105865334&doi=10.1109%2fTVCG.2019.2956697&partnerID=40&md5=84019525d5adcfdcac21b77b4907d09c","Article","Final","All Open Access; Green Open Access","Scopus","2-s2.0-85105865334"
"Sharma A.; Shrivastava B.P.; Priya A.","Sharma, Ajay (57752264200); Shrivastava, Bhavana Prakash (57202434941); Priya, Aayushi (58315213800)","57752264200; 57202434941; 58315213800","Multilevel progressive recursive dilated networks with correlation filter (MPRDNCF) for image super-resolution","2023","Multimedia Systems","29","5","","2455","2467","12","0","10.1007/s00530-023-01126-6","https://www.scopus.com/inward/record.uri?eid=2-s2.0-85161966920&doi=10.1007%2fs00530-023-01126-6&partnerID=40&md5=bf35db45ff2c17b354000052205be5ec","Article","Final","","Scopus","2-s2.0-85161966920"
"Wang L.; Wang L.; Wang H.; Wang X.; Bruzzone L.","Wang, Lifeng (57226450880); Wang, Liguo (55745497100); Wang, Heng (58566422800); Wang, Xiaoyi (57074222100); Bruzzone, Lorenzo (7006892410)","57226450880; 55745497100; 58566422800; 57074222100; 7006892410","SPCNet: A Subpixel Convolution-Based Change Detection Network for Hyperspectral Images with Different Spatial Resolutions","2022","IEEE Transactions on Geoscience and Remote Sensing","60","","5533314","","","","7","10.1109/TGRS.2022.3189188","https://www.scopus.com/inward/record.uri?eid=2-s2.0-85134248285&doi=10.1109%2fTGRS.2022.3189188&partnerID=40&md5=6ed5b32d43a74af5542a8706026a3889","Article","Final","","Scopus","2-s2.0-85134248285"
"Chadha A.; Britto J.; Roja M.M.","Chadha, Aman (56039988800); Britto, John (57202434175); Roja, M. Mani (24480198300)","56039988800; 57202434175; 24480198300","iSeeBetter: Spatio-temporal video super-resolution using recurrent generative back-projection networks","2020","Computational Visual Media","6","3","","307","317","10","15","10.1007/s41095-020-0175-7","https://www.scopus.com/inward/record.uri?eid=2-s2.0-85088298317&doi=10.1007%2fs41095-020-0175-7&partnerID=40&md5=430ea1db05f47d5d6b5d4f8a7c880b03","Article","Final","All Open Access; Gold Open Access; Green Open Access","Scopus","2-s2.0-85088298317"
"Kang E.S.; Kwon J.E.; Park H.J.; Chae M.J.; Cho S.I.","Kang, Eun Su (57712181000); Kwon, Jung Eun (57712988700); Park, Hae Ju (57712181100); Chae, Moon Ju (57712387600); Cho, Sung In (42261258600)","57712181000; 57712988700; 57712181100; 57712387600; 42261258600","BDIS: Balanced Training Architecture for Dual Image Scaler Using Origin Referenceable Losses","2022","IEEE Access","10","","","56469","56481","12","0","10.1109/ACCESS.2022.3177198","https://www.scopus.com/inward/record.uri?eid=2-s2.0-85130817012&doi=10.1109%2fACCESS.2022.3177198&partnerID=40&md5=02b5a0fe2e5a29163e83fceb7faefddf","Article","Final","","Scopus","2-s2.0-85130817012"
"Chudasama V.; Upla K.; Raja K.; Ramachandra R.; Busch C.","Chudasama, Vishal (57202047982); Upla, Kishor (53985429600); Raja, Kiran (57188866050); Ramachandra, Raghavendra (57190835798); Busch, Christoph (7101767185)","57202047982; 53985429600; 57188866050; 57190835798; 7101767185","Compact and progressive network for enhanced single image super-resolution—ComPrESRNet","2022","Visual Computer","38","11","","3643","3665","22","4","10.1007/s00371-021-02193-4","https://www.scopus.com/inward/record.uri?eid=2-s2.0-85109266162&doi=10.1007%2fs00371-021-02193-4&partnerID=40&md5=fc336c3cdcb468fd744084e4d06fbe1f","Article","Final","","Scopus","2-s2.0-85109266162"
"He L.; Cheng J.; Zhan Z.; Yang W.; Liu P.","He, Lei (56461800200); Cheng, Jiahao (57223434516); Zhan, Zhiyu (57223436716); Yang, Wenbo (58418069400); Liu, Peiran (57223435782)","56461800200; 57223434516; 57223436716; 58418069400; 57223435782","Single image super-resolution reconstruction based on multi-level perceptual residual convolutional network; [多层次感知残差卷积网络的单幅图像超分重建]","2021","Journal of Image and Graphics","26","4","","776","786","10","1","10.11834/jig.200168","https://www.scopus.com/inward/record.uri?eid=2-s2.0-85105867507&doi=10.11834%2fjig.200168&partnerID=40&md5=980e346d437fc7bb4afcb147755226db","Article","Final","","Scopus","2-s2.0-85105867507"
"Kumar A.; Islam T.; Ma J.; Kashiyama T.; Sekimoto Y.; Mattmann C.","Kumar, Ashutosh (57221101949); Islam, Tanvir (58257021100); Ma, Jue (58481209000); Kashiyama, Takehiro (55389108400); Sekimoto, Yoshihide (53364561900); Mattmann, Chris (58447683200)","57221101949; 58257021100; 58481209000; 55389108400; 53364561900; 58447683200","WindSR: Improving Spatial Resolution of Satellite Wind Speed Through Super-Resolution","2023","IEEE Access","11","","","69486","69494","8","0","10.1109/ACCESS.2023.3292966","https://www.scopus.com/inward/record.uri?eid=2-s2.0-85164427400&doi=10.1109%2fACCESS.2023.3292966&partnerID=40&md5=17f616b2fa9e6ae35a2e15e4f656808e","Article","Final","All Open Access; Gold Open Access","Scopus","2-s2.0-85164427400"
"Hui Z.; Li J.; Gao X.; Wang X.","Hui, Zheng (57200213383); Li, Jie (7410068291); Gao, Xinbo (7403873424); Wang, Xiumei (35786636600)","57200213383; 7410068291; 7403873424; 35786636600","Progressive perception-oriented network for single image super-resolution","2021","Information Sciences","546","","","769","786","17","40","10.1016/j.ins.2020.08.114","https://www.scopus.com/inward/record.uri?eid=2-s2.0-85090978981&doi=10.1016%2fj.ins.2020.08.114&partnerID=40&md5=c0dd45019a0fd463fa609b53a6cbb864","Article","Final","All Open Access; Green Open Access","Scopus","2-s2.0-85090978981"
"Parekh J.; Turakhia P.; Bhinderwala H.; Dhage S.N.","Parekh, Jinay (57990325800); Turakhia, Poojan (57220005316); Bhinderwala, Hussain (57216222801); Dhage, Sudhir N. (39861355400)","57990325800; 57220005316; 57216222801; 39861355400","A Survey of Image Enhancement and Object Detection Methods","2021","Advances in Intelligent Systems and Computing","1158","","","1035","1047","12","6","10.1007/978-981-15-4409-5_91","https://www.scopus.com/inward/record.uri?eid=2-s2.0-85096499928&doi=10.1007%2f978-981-15-4409-5_91&partnerID=40&md5=06e06e9a6e9316dc895e5eeb4122c3cc","Conference paper","Final","","Scopus","2-s2.0-85096499928"
"Chudasama V.; Upla K.","Chudasama, Vishal (57202047982); Upla, Kishor (53985429600)","57202047982; 53985429600","E-ProSRNet: An enhanced progressive single image super-resolution approach","2020","Computer Vision and Image Understanding","200","","103038","","","","5","10.1016/j.cviu.2020.103038","https://www.scopus.com/inward/record.uri?eid=2-s2.0-85087948690&doi=10.1016%2fj.cviu.2020.103038&partnerID=40&md5=e332ae97994e52564a971feaf0d0ede6","Article","Final","","Scopus","2-s2.0-85087948690"
"Cetinkaya E.; Nguyen M.; Timmerer C.","Cetinkaya, Ekrem (57218706174); Nguyen, Minh (57193430049); Timmerer, Christian (8636751500)","57218706174; 57193430049; 8636751500","LiDeR: Lightweight Dense Residual Network for Video Super-Resolution on Mobile Devices","2022","IVMSP 2022 - 2022 IEEE 14th Image, Video, and Multidimensional Signal Processing Workshop","","","","","","","0","10.1109/IVMSP54334.2022.9816346","https://www.scopus.com/inward/record.uri?eid=2-s2.0-85135171522&doi=10.1109%2fIVMSP54334.2022.9816346&partnerID=40&md5=42a36439a773304bd7850fe55ecbd6a2","Conference paper","Final","","Scopus","2-s2.0-85135171522"
"Wurster S.W.; Guo H.; Shen H.; Peterka T.; Xu J.","Wurster, Skylar W. (57204283649); Guo, Hanqi (36615515700); Shen, Han-Wei (7404523391); Peterka, Tom (13008757100); Xu, Jiayi (57209010068)","57204283649; 36615515700; 7404523391; 13008757100; 57209010068","Deep Hierarchical Super Resolution for Scientific Data","2022","IEEE Transactions on Visualization and Computer Graphics","","","","1","14","13","1","10.1109/TVCG.2022.3214420","https://www.scopus.com/inward/record.uri?eid=2-s2.0-85140738738&doi=10.1109%2fTVCG.2022.3214420&partnerID=40&md5=a4812264def94d18130b7cad44d5f48d","Article","Article in press","All Open Access; Green Open Access","Scopus","2-s2.0-85140738738"
"Karimpouli S.; Kadyrov R.","Karimpouli, Sadegh (36194812300); Kadyrov, Rail (56198693000)","36194812300; 56198693000","Multistep Super Resolution Double-U-net (SRDUN) for enhancing the resolution of Berea sandstone images","2022","Journal of Petroleum Science and Engineering","216","","110833","","","","8","10.1016/j.petrol.2022.110833","https://www.scopus.com/inward/record.uri?eid=2-s2.0-85133718189&doi=10.1016%2fj.petrol.2022.110833&partnerID=40&md5=9d53f4541881cdb3e16bbf5c8b0510ab","Article","Final","","Scopus","2-s2.0-85133718189"
"Guo L.; Ye S.; Han J.; Zheng H.; Gao H.; Chen D.Z.; Wang J.-X.; Wang C.","Guo, Li (57216897025); Ye, Shaojie (57216896532); Han, Jun (57209633331); Zheng, Hao (57207262621); Gao, Han (57214944244); Chen, Danny Z. (7405453271); Wang, Jian-Xun (56183169000); Wang, Chaoli (57203797020)","57216897025; 57216896532; 57209633331; 57207262621; 57214944244; 7405453271; 56183169000; 57203797020","SSR-VFD: Spatial Super-Resolution for Vector Field Data Analysis and Visualization","2020","IEEE Pacific Visualization Symposium","2020-June","","9086293","71","80","9","34","10.1109/PacificVis48177.2020.8737","https://www.scopus.com/inward/record.uri?eid=2-s2.0-85085177881&doi=10.1109%2fPacificVis48177.2020.8737&partnerID=40&md5=bcd14f95c43b3b42045090ce6aa15895","Conference paper","Final","","Scopus","2-s2.0-85085177881"
"Liu Z.; Zheng Y.; Han X.-H.","Liu, Zhe (57222528089); Zheng, Yinqiang (57212267581); Han, Xian-Hua (24080007200)","57222528089; 57212267581; 24080007200","Deep unsupervised fusion learning for hyperspectral image super resolution","2021","Sensors","21","7","2348","","","","7","10.3390/s21072348","https://www.scopus.com/inward/record.uri?eid=2-s2.0-85103043459&doi=10.3390%2fs21072348&partnerID=40&md5=d621316f3fe92c4de6b23fbe5218d451","Article","Final","All Open Access; Gold Open Access; Green Open Access","Scopus","2-s2.0-85103043459"
"Mora-Martín G.; Scholes S.; Ruget A.; Henderson R.; Leach J.; Gyongy I.","Mora-Martín, Germán (57200607254); Scholes, Stirling (57195584652); Ruget, Alice (57220049641); Henderson, Robert (7402183805); Leach, Jonathan (7201931846); Gyongy, Istvan (6603716813)","57200607254; 57195584652; 57220049641; 7402183805; 7201931846; 6603716813","Depth video super-resolution using a high-speed time-of-flight sensor","2023","Proceedings of SPIE - The International Society for Optical Engineering","12438","","124380J","","","","0","10.1117/12.2647260","https://www.scopus.com/inward/record.uri?eid=2-s2.0-85159787479&doi=10.1117%2f12.2647260&partnerID=40&md5=ab9e93cceaf805f1f1432cc2760a891b","Conference paper","Final","","Scopus","2-s2.0-85159787479"
"Shan L.; Bai X.; Liu C.; Feng Y.; Liu Y.; Qi Y.","Shan, Liqun (34972109800); Bai, Xueyuan (57223291364); Liu, Chengqian (57539845500); Feng, Yin (56112464800); Liu, Yanchang (42661940800); Qi, Yanyan (57212468046)","34972109800; 57223291364; 57539845500; 56112464800; 42661940800; 57212468046","Super-resolution reconstruction of digital rock CT images based on residual attention mechanism","2022","Advances in Geo-Energy Research","6","2","","157","168","11","15","10.46690/ager.2022.02.07","https://www.scopus.com/inward/record.uri?eid=2-s2.0-85126811031&doi=10.46690%2fager.2022.02.07&partnerID=40&md5=4e67de18dd92c6bed1a672ae65224f34","Article","Final","All Open Access; Gold Open Access","Scopus","2-s2.0-85126811031"
"James O.; Singh T.R.; Singh T.R.","James, Oinam (58194425200); Singh, Th. Rupachandra (58525074800); Singh, T.Romen (57205782788)","58194425200; 58525074800; 57205782788","Image Super Resolution Based on Machine Learning for Enhancing Quality Image","2023","Proceedings of 2023 International Conference on Intelligent Systems, Advanced Computing and Communication, ISACC 2023","","","","","","","0","10.1109/ISACC56298.2023.10084087","https://www.scopus.com/inward/record.uri?eid=2-s2.0-85153366950&doi=10.1109%2fISACC56298.2023.10084087&partnerID=40&md5=44d55949759e9c015cbadc142eb6a148","Conference paper","Final","","Scopus","2-s2.0-85153366950"
"Lodha I.; Kolur L.; Krishnan K.; Dheenadayalan K.; Sitaram D.; Nandi S.","Lodha, Ishaan (57215856448); Kolur, Lakshana (57215857729); Krishnan, Keerthan (57408395600); Dheenadayalan, Kumar (55224034200); Sitaram, Dinkar (6701360681); Nandi, Siddhartha (57408738000)","57215856448; 57215857729; 57408395600; 55224034200; 6701360681; 57408738000","Cost-Optimized Video Transfer using Real-Time Super Resolution Convolutional Neural Networks","2022","ACM International Conference Proceeding Series","","","","213","221","8","2","10.1145/3493700.3493731","https://www.scopus.com/inward/record.uri?eid=2-s2.0-85122666926&doi=10.1145%2f3493700.3493731&partnerID=40&md5=6b3829b2820d32bc2fd54f354cc2edab","Conference paper","Final","","Scopus","2-s2.0-85122666926"
"Aarti A.; Kumar A.","Aarti, A. (58144521500); Kumar, Amit (58367158600)","58144521500; 58367158600","Super-resolution with deep learning techniques: A review","2021","Computational Intelligence Methods for Super-Resolution in Image Processing Applications","","","","43","59","16","2","10.1007/978-3-030-67921-7_3","https://www.scopus.com/inward/record.uri?eid=2-s2.0-85146392203&doi=10.1007%2f978-3-030-67921-7_3&partnerID=40&md5=af36a3ff194058ab1870aa400d6e839f","Book chapter","Final","","Scopus","2-s2.0-85146392203"
"Kyzivat E.D.; Smith L.C.","Kyzivat, Ethan D. (57209692081); Smith, Laurence. C (57208193133)","57209692081; 57208193133","Contemporary and historical detection of small lakes using super resolution Landsat imagery: promise and peril","2023","GIScience and Remote Sensing","60","1","2207288","","","","0","10.1080/15481603.2023.2207288","https://www.scopus.com/inward/record.uri?eid=2-s2.0-85158940388&doi=10.1080%2f15481603.2023.2207288&partnerID=40&md5=d04a0a471c458ba8f90aa342eed0b628","Article","Final","All Open Access; Gold Open Access","Scopus","2-s2.0-85158940388"
"Michelini P.N.; Chen W.; Liu H.; Zhu D.; Jiang X.","Michelini, Pablo Navarrete (57194194558); Chen, Wenbin (57215965036); Liu, Hanwen (57205360738); Zhu, Dan (57217403014); Jiang, Xingqun (57215776453)","57194194558; 57215965036; 57205360738; 57217403014; 57215776453","Multi-Grid Back-Projection Networks","2021","IEEE Journal on Selected Topics in Signal Processing","15","2","9314918","279","294","15","2","10.1109/JSTSP.2021.3049641","https://www.scopus.com/inward/record.uri?eid=2-s2.0-85099238496&doi=10.1109%2fJSTSP.2021.3049641&partnerID=40&md5=7fbaf5075d287a5f187437d72506f8da","Article","Final","All Open Access; Green Open Access","Scopus","2-s2.0-85099238496"
"Pandey R.K.; Ganesan R.A.","Pandey, Ram Krishna (57201074489); Ganesan, Ramakrishnan Angarai (7006089567)","57201074489; 7006089567","Deepinterpolation: Fusion of multiple interpolations and CNN to obtain superresolution","2020","IET Image Processing","14","15","","4000","4011","11","2","10.1049/iet-ipr.2019.1244","https://www.scopus.com/inward/record.uri?eid=2-s2.0-85102193622&doi=10.1049%2fiet-ipr.2019.1244&partnerID=40&md5=c1d89a4be91e31c07c1eeabc316b01b7","Article","Final","","Scopus","2-s2.0-85102193622"
"Johnson V.; Parberry I.","Johnson, Violet (57203356112); Parberry, Ian (6701637442)","57203356112; 6701637442","Music Upscaling Using Convolutional Neural Networks","2020","ACM International Conference Proceeding Series","","","","58","62","4","0","10.1145/3441233.3441240","https://www.scopus.com/inward/record.uri?eid=2-s2.0-85102935687&doi=10.1145%2f3441233.3441240&partnerID=40&md5=c21dbc6867b3955122178fb662e8df72","Conference paper","Final","","Scopus","2-s2.0-85102935687"
"Bilecen B.B.; Ayazoglu M.","Bilecen, Bahri Batuhan (57758455400); Ayazoglu, Mustafa (35791665200)","57758455400; 35791665200","Bicubic++: Slim, Slimmer, Slimmest Designing an Industry-Grade Super-Resolution Network","2023","IEEE Computer Society Conference on Computer Vision and Pattern Recognition Workshops","2023-June","","","1623","1632","9","1","10.1109/CVPRW59228.2023.00164","https://www.scopus.com/inward/record.uri?eid=2-s2.0-85170826948&doi=10.1109%2fCVPRW59228.2023.00164&partnerID=40&md5=bcd0ff3b7bdebd955b2f33c152306c79","Conference paper","Final","All Open Access; Green Open Access","Scopus","2-s2.0-85170826948"
"Shao J.; Zhuang X.; Wang Z.; Shen W.","Shao, Jie (56418813500); Zhuang, Xuecheng (57971777900); Wang, Zhengqi (58608120500); Shen, Wenzhong (36778235100)","56418813500; 57971777900; 58608120500; 36778235100","Pixel-level self-paced adversarial network with multiple attention in single image super-resolution","2023","Signal, Image and Video Processing","17","5","","1863","1872","9","0","10.1007/s11760-022-02397-8","https://www.scopus.com/inward/record.uri?eid=2-s2.0-85142228931&doi=10.1007%2fs11760-022-02397-8&partnerID=40&md5=654cbe0480490e7d0bc1659f664c0168","Article","Final","","Scopus","2-s2.0-85142228931"
"He J.; Zheng J.; Shen Y.; Guo Y.; Zhou H.","He, Jijun (57189212888); Zheng, Jinjin (8518127200); Shen, Yuan (55492339400); Guo, Yutang (56137496300); Zhou, Hongjun (7404742428)","57189212888; 8518127200; 55492339400; 56137496300; 7404742428","Facial Image Synthesis and Super-Resolution With Stacked Generative Adversarial Network","2020","Neurocomputing","402","","","359","365","6","16","10.1016/j.neucom.2020.03.107","https://www.scopus.com/inward/record.uri?eid=2-s2.0-85083672039&doi=10.1016%2fj.neucom.2020.03.107&partnerID=40&md5=4ee6bc2391c804fddc825286d07b2c39","Article","Final","","Scopus","2-s2.0-85083672039"
"Koeshidayatullah A.; Ferreira-Chacua I.; Li W.","Koeshidayatullah, Ardiansyah (56387553100); Ferreira-Chacua, Ivan (58221421000); Li, Weichang (58627717500)","56387553100; 58221421000; 58627717500","Is attention all geosciences need? Advancing quantitative petrography with attention-based deep learning","2023","Computers and Geosciences","181","","105466","","","","0","10.1016/j.cageo.2023.105466","https://www.scopus.com/inward/record.uri?eid=2-s2.0-85172888570&doi=10.1016%2fj.cageo.2023.105466&partnerID=40&md5=c7df1dfc0d312a651c08ffed50ce4090","Article","Final","","Scopus","2-s2.0-85172888570"
"Prajapati K.; Chudasama V.; Patel H.; Sarvaiya A.; Upla K.","Prajapati, Kalpesh (57217177596); Chudasama, Vishal (57202047982); Patel, Heena (57209145428); Sarvaiya, Anjali (57224979212); Upla, Kishor (53985429600)","57217177596; 57202047982; 57209145428; 57224979212; 53985429600","Comparative Analysis of Generative Adversarial Network-Based Single-Image Super-Resolution Approaches","2023","Lecture Notes in Electrical Engineering","952","","","321","335","14","0","10.1007/978-981-19-6737-5_26","https://www.scopus.com/inward/record.uri?eid=2-s2.0-85144828417&doi=10.1007%2f978-981-19-6737-5_26&partnerID=40&md5=fbb07782102d0e5d64706bfc37e03117","Conference paper","Final","","Scopus","2-s2.0-85144828417"
"Guerreiro J.; Tomás P.; Garcia N.; Aidos H.","Guerreiro, João (58596832500); Tomás, Pedro (24473659300); Garcia, Nuno (56347929500); Aidos, Helena (34969105100)","58596832500; 24473659300; 56347929500; 34969105100","Super-resolution of magnetic resonance images using Generative Adversarial Networks","2023","Computerized Medical Imaging and Graphics","108","","102280","","","","1","10.1016/j.compmedimag.2023.102280","https://www.scopus.com/inward/record.uri?eid=2-s2.0-85168554577&doi=10.1016%2fj.compmedimag.2023.102280&partnerID=40&md5=c9d32d08f4ca503f8958410aea49987f","Review","Final","","Scopus","2-s2.0-85168554577"
"Zhou H.; Huang Y.; Li Y.; Zhou Y.; Zheng Y.","Zhou, Hexiang (58064165900); Huang, Yawen (57190131740); Li, Yuexiang (57192647725); Zhou, Yi (57195420298); Zheng, Yefeng (8062522600)","58064165900; 57190131740; 57192647725; 57195420298; 8062522600","Blind Super-Resolution of 3D MRI via Unsupervised Domain Transformation","2023","IEEE Journal of Biomedical and Health Informatics","27","3","","1409","1418","9","1","10.1109/JBHI.2022.3232511","https://www.scopus.com/inward/record.uri?eid=2-s2.0-85146215663&doi=10.1109%2fJBHI.2022.3232511&partnerID=40&md5=a8dec042560363217c49a96608032dd8","Article","Final","","Scopus","2-s2.0-85146215663"
"Nithya B.; Brijesh D.; Kumar S.K.; Pathmakarthik J.","Nithya, B. (57216787022); Brijesh, D. (58064790500); Kumar, S. Karan (57209548248); Pathmakarthik, J. (58064909700)","57216787022; 58064790500; 57209548248; 58064909700","Pilot based channel estimation of OFDM systems using deep learning techniques","2023","International Journal of Information Technology (Singapore)","15","2","","819","831","12","7","10.1007/s41870-023-01155-4","https://www.scopus.com/inward/record.uri?eid=2-s2.0-85146239196&doi=10.1007%2fs41870-023-01155-4&partnerID=40&md5=d9c71cbf807b321d3090e7e09cada34f","Article","Final","","Scopus","2-s2.0-85146239196"
"Kumar A.; Srivastava S.; Chattopadhyay P.","Kumar, Ashish (58142530400); Srivastava, Sachin (58110150000); Chattopadhyay, Pratik (55623444600)","58142530400; 58110150000; 55623444600","Machine and deep-learning techniques for image super-resolution","2022","Machine Learning Algorithms for Signal and Image Processing","","","","89","113","24","0","10.1002/9781119861850.ch6","https://www.scopus.com/inward/record.uri?eid=2-s2.0-85148481888&doi=10.1002%2f9781119861850.ch6&partnerID=40&md5=cc4ddc66c13be1a9084ff8566c86f0e7","Book chapter","Final","","Scopus","2-s2.0-85148481888"
"Ignatov A.; Timofte R.; Denna M.; Younes A.; Lek A.; Ayazoglu M.; Liu J.; Du Z.; Guo J.; Zhou X.; Jia H.; Yan Y.; Zhang Z.; Chen Y.; Peng Y.; Lin Y.; Zhang X.; Zeng H.; Zeng K.; Li P.; Liu Z.; Xue S.; Wang S.","Ignatov, Andrey (57194704046); Timofte, Radu (35812778400); Denna, Maurizio (57203551168); Younes, Abdel (57224983506); Lek, Andrew (57224980752); Ayazoglu, Mustafa (35791665200); Liu, Jie (57867696900); Du, Zongcai (57224769813); Guo, Jiaming (57224499588); Zhou, Xueyi (57224523911); Jia, Hao (57224514073); Yan, Youliang (57214450323); Zhang, Zexin (57224507827); Chen, Yixin (57224516358); Peng, Yunbo (57221146561); Lin, Yue (57221146416); Zhang, Xindong (57224985610); Zeng, Hui (56486683200); Zeng, Kun (56047736500); Li, Peirong (57224982703); Liu, Zhihuang (57224982740); Xue, Shiqi (57224975863); Wang, Shengpeng (57224987175)","57194704046; 35812778400; 57203551168; 57224983506; 57224980752; 35791665200; 57867696900; 57224769813; 57224499588; 57224523911; 57224514073; 57214450323; 57224507827; 57224516358; 57221146561; 57221146416; 57224985610; 56486683200; 56047736500; 57224982703; 57224982740; 57224975863; 57224987175","Real-time quantized image super-resolution on mobile NPUs, mobile AI 2021 challenge: Report","2021","IEEE Computer Society Conference on Computer Vision and Pattern Recognition Workshops","","","","2525","2534","9","46","10.1109/CVPRW53098.2021.00286","https://www.scopus.com/inward/record.uri?eid=2-s2.0-85116024246&doi=10.1109%2fCVPRW53098.2021.00286&partnerID=40&md5=c82dcfd6503c7409e6f7b40857dc8d7d","Conference paper","Final","All Open Access; Green Open Access","Scopus","2-s2.0-85116024246"
"Chauhan K.; Patel S.N.; Kumhar M.; Bhatia J.; Tanwar S.; Davidson I.E.; Mazibuko T.F.; Sharma R.","Chauhan, Karansingh (57216769749); Patel, Shail Nimish (58158220300); Kumhar, Malaram (57205209368); Bhatia, Jitendra (55062577500); Tanwar, Sudeep (56576145100); Davidson, Innocent Ewean (7103403083); Mazibuko, Thokozile F. (58127772800); Sharma, Ravi (57431604600)","57216769749; 58158220300; 57205209368; 55062577500; 56576145100; 7103403083; 58127772800; 57431604600","Deep Learning-Based Single-Image Super-Resolution: A Comprehensive Review","2023","IEEE Access","11","","","21811","21830","19","2","10.1109/ACCESS.2023.3251396","https://www.scopus.com/inward/record.uri?eid=2-s2.0-85149358538&doi=10.1109%2fACCESS.2023.3251396&partnerID=40&md5=0e504894b0c594040babb93076c6af1b","Article","Final","All Open Access; Gold Open Access","Scopus","2-s2.0-85149358538"
"Wang G.; Wang K.C.P.; Yang G.","Wang, Guolong (57202586026); Wang, Kelvin C. P. (7501400390); Yang, Guangwei (57001643400)","57202586026; 7501400390; 57001643400","Reconstruction of sub-mm 3D pavement images using recursive generative adversarial network for faster texture measurement","2023","Computer-Aided Civil and Infrastructure Engineering","38","16","","2206","2224","18","1","10.1111/mice.13020","https://www.scopus.com/inward/record.uri?eid=2-s2.0-85159582394&doi=10.1111%2fmice.13020&partnerID=40&md5=7b6ff61e8c6a93920ba748ab258c1a2f","Article","Final","","Scopus","2-s2.0-85159582394"
"Qiao C.; Li D.; Guo Y.; Liu C.; Jiang T.; Dai Q.; Li D.","Qiao, Chang (57193796384); Li, Di (57201864678); Guo, Yuting (56942610200); Liu, Chong (57204292033); Jiang, Tao (58188524300); Dai, Qionghai (7202735131); Li, Dong (56148369900)","57193796384; 57201864678; 56942610200; 57204292033; 58188524300; 7202735131; 56148369900","Evaluation and development of deep neural networks for image super-resolution in optical microscopy","2021","Nature Methods","18","2","","194","202","8","154","10.1038/s41592-020-01048-5","https://www.scopus.com/inward/record.uri?eid=2-s2.0-85099911174&doi=10.1038%2fs41592-020-01048-5&partnerID=40&md5=76bf142bac33a5a008fae90db690eb4b","Article","Final","","Scopus","2-s2.0-85099911174"
"Song Z.; Zhao X.; Hui Y.; Jiang H.","Song, Zhaoyang (57212392978); Zhao, Xiaoqiang (55705060000); Hui, Yongyong (57194348820); Jiang, Hongmei (55492237300)","57212392978; 55705060000; 57194348820; 55492237300","Progressive back-projection network for COVID-CT super-resolution","2021","Computer Methods and Programs in Biomedicine","208","","106193","","","","10","10.1016/j.cmpb.2021.106193","https://www.scopus.com/inward/record.uri?eid=2-s2.0-85107621749&doi=10.1016%2fj.cmpb.2021.106193&partnerID=40&md5=65f1a9656e49eaaf18c42ed93fa30e18","Article","Final","All Open Access; Bronze Open Access; Green Open Access","Scopus","2-s2.0-85107621749"
"Singh A.B.; Awasthi L.K.; Urvashi; Shorfuzzaman M.; Alsufyani A.; Uddin M.","Singh, Amitoj Bir (57577603800); Awasthi, Lalit Kumar (35087336800); Urvashi (57764943600); Shorfuzzaman, Mohammad (8298383000); Alsufyani, Abdulmajeed (55567418500); Uddin, Mueen (42062605100)","57577603800; 35087336800; 57764943600; 8298383000; 55567418500; 42062605100","Chained Dual-Generative Adversarial Network: A Generalized Defense Against Adversarial Attacks","2023","Computers, Materials and Continua","74","2","","2541","2555","14","0","10.32604/cmc.2023.032795","https://www.scopus.com/inward/record.uri?eid=2-s2.0-85141892073&doi=10.32604%2fcmc.2023.032795&partnerID=40&md5=6a2e5b75d821c3f55be7a76ef1997b4b","Article","Final","All Open Access; Gold Open Access","Scopus","2-s2.0-85141892073"
"Lee S.; Lee K.-B.; Joo S.; Ahn H.K.; Lee J.; Kim D.; Ham B.; Jung S.-O.","Lee, Sumin (57225122904); Lee, Ki-Beom (57424291500); Joo, Sunghwan (57220639522); Ahn, Hong Keun (57202499921); Lee, Junghyup (57214469854); Kim, Dohyung (56984348200); Ham, Bumsub (36061611900); Jung, Seong-Ook (7403677250)","57225122904; 57424291500; 57220639522; 57202499921; 57214469854; 56984348200; 36061611900; 7403677250","SIF-NPU: A 28nm 3.48 TOPS/W 0.25 TOPS/mm2CNN Accelerator with Spatially Independent Fusion for Real-Time UHD Super-Resolution","2022","ESSCIRC 2022 - IEEE 48th European Solid State Circuits Conference, Proceedings","","","","97","100","3","0","10.1109/ESSCIRC55480.2022.9911509","https://www.scopus.com/inward/record.uri?eid=2-s2.0-85141491844&doi=10.1109%2fESSCIRC55480.2022.9911509&partnerID=40&md5=6c4b2fa3f16b381abe033909e77bcb09","Conference paper","Final","","Scopus","2-s2.0-85141491844"
"Mora-Martín G.; Scholes S.; Ruget A.; Henderson R.; Leach J.; Gyongy I.","Mora-Martín, Germán (57200607254); Scholes, Stirling (57195584652); Ruget, Alice (57220049641); Henderson, Robert (7402183805); Leach, Jonathan (7201931846); Gyongy, Istvan (6603716813)","57200607254; 57195584652; 57220049641; 7402183805; 7201931846; 6603716813","Video super-resolution for single-photon LIDAR","2023","Optics Express","31","5","","7060","7072","12","3","10.1364/OE.478308","https://www.scopus.com/inward/record.uri?eid=2-s2.0-85148295055&doi=10.1364%2fOE.478308&partnerID=40&md5=ca3ca4693e0acc876bbde0520cda2faa","Article","Final","All Open Access; Gold Open Access; Green Open Access","Scopus","2-s2.0-85148295055"
"Ju R.-Y.; Chen C.-C.; Chiang J.-S.; Lin Y.-S.; Chen W.-H.","Ju, Rui-Yang (57249750700); Chen, Chih-Chia (57920873300); Chiang, Jen-Shiun (7201425231); Lin, Yu-Shian (57442082900); Chen, Wei-Han (58459841400)","57249750700; 57920873300; 7201425231; 57442082900; 58459841400","Resolution enhancement processing on low quality images using swin transformer based on interval dense connection strategy","2023","Multimedia Tools and Applications","","","","","","","0","10.1007/s11042-023-16088-0","https://www.scopus.com/inward/record.uri?eid=2-s2.0-85164525178&doi=10.1007%2fs11042-023-16088-0&partnerID=40&md5=8f25fdfcd8f94a3cf936d7451d1f1baf","Article","Article in press","All Open Access; Green Open Access","Scopus","2-s2.0-85164525178"
"Jiang Z.; Zhu H.; Lu Y.; Ju G.; Men A.","Jiang, Zhuqing (55834971300); Zhu, Honghui (57215845241); Lu, Yue (57208653526); Ju, Guodong (57210574497); Men, Aidong (7003758403)","55834971300; 57215845241; 57208653526; 57210574497; 7003758403","Lightweight Super-Resolution Using Deep Neural Learning","2020","IEEE Transactions on Broadcasting","66","4","9044197","814","823","9","16","10.1109/TBC.2020.2977513","https://www.scopus.com/inward/record.uri?eid=2-s2.0-85082068642&doi=10.1109%2fTBC.2020.2977513&partnerID=40&md5=a55764d3a06487d59b3e676218f1cb51","Article","Final","All Open Access; Hybrid Gold Open Access","Scopus","2-s2.0-85082068642"
"Jain V.; Annappa B.; Dodia S.","Jain, Vivek (57200500869); Annappa, B. (35179174200); Dodia, Shubham (57202717908)","57200500869; 35179174200; 57202717908","Optimizing Super-Resolution Generative Adversarial Networks","2023","Lecture Notes in Networks and Systems","698","","","215","224","9","0","10.1007/978-981-99-3250-4_16","https://www.scopus.com/inward/record.uri?eid=2-s2.0-85172195050&doi=10.1007%2f978-981-99-3250-4_16&partnerID=40&md5=bf22bc11947144f14c3f646a1b1f75a2","Conference paper","Final","","Scopus","2-s2.0-85172195050"
"Yu X.; Fernando B.; Hartley R.; Porikli F.","Yu, Xin (57191429254); Fernando, Basura (36975184500); Hartley, Richard (7102573790); Porikli, Fatih (6603528219)","57191429254; 36975184500; 7102573790; 6603528219","Semantic face hallucination: Super-resolving very low-resolution face images with supplementary attributes","2020","IEEE Transactions on Pattern Analysis and Machine Intelligence","42","11","8713923","2926","2943","17","28","10.1109/TPAMI.2019.2916881","https://www.scopus.com/inward/record.uri?eid=2-s2.0-85076454410&doi=10.1109%2fTPAMI.2019.2916881&partnerID=40&md5=54114cc951e6c4080a317f6893e4c1b8","Article","Final","","Scopus","2-s2.0-85076454410"
"Song Q.; Liu H.","Song, Qiang (56942855700); Liu, Hangfan (56237469200)","56942855700; 56237469200","Deep gradient prior regularized robust video super-resolution","2021","Electronics (Switzerland)","10","14","1641","","","","6","10.3390/electronics10141641","https://www.scopus.com/inward/record.uri?eid=2-s2.0-85109328091&doi=10.3390%2felectronics10141641&partnerID=40&md5=bacf394be898fb1853062ec9363180d0","Article","Final","All Open Access; Gold Open Access","Scopus","2-s2.0-85109328091"
"Wang R.; Zhang D.; Li Q.; Zhou X.-Y.; Lo B.","Wang, Ruoxi (57220950431); Zhang, Dandan (57207943701); Li, Qingbiao (57219255846); Zhou, Xiao-Yun (57226235646); Lo, Benny (15834859900)","57220950431; 57207943701; 57219255846; 57226235646; 15834859900","Real-time Surgical Environment Enhancement for Robot-Assisted Minimally Invasive Surgery Based on Super-Resolution","2021","Proceedings - IEEE International Conference on Robotics and Automation","2021-May","","","3434","3440","6","7","10.1109/ICRA48506.2021.9561393","https://www.scopus.com/inward/record.uri?eid=2-s2.0-85125444013&doi=10.1109%2fICRA48506.2021.9561393&partnerID=40&md5=c64774d7014e011c1cd89c24d3aa58ef","Conference paper","Final","All Open Access; Green Open Access","Scopus","2-s2.0-85125444013"
"Chudasama V.; Nighania K.; Upla K.; Raja K.; Ramachandra R.; Busch C.","Chudasama, Vishal (57202047982); Nighania, Kartik (57392444700); Upla, Kishor (53985429600); Raja, Kiran (57188866050); Ramachandra, Raghavendra (57190835798); Busch, Christoph (7101767185)","57202047982; 57392444700; 53985429600; 57188866050; 57190835798; 7101767185","E-ComSupResNet: Enhanced Face Super-Resolution through Compact Network","2021","IEEE Transactions on Biometrics, Behavior, and Identity Science","3","2","9353687","166","179","13","5","10.1109/TBIOM.2021.3059196","https://www.scopus.com/inward/record.uri?eid=2-s2.0-85122047869&doi=10.1109%2fTBIOM.2021.3059196&partnerID=40&md5=2539255d0853c86583fc435ff15974b3","Conference paper","Final","","Scopus","2-s2.0-85122047869"
"Dai C.; Chen Q.; Xu J.; Gong H.; Song G.; Yang B.","Dai, Chengjie (58344327600); Chen, Qiang (58604042900); Xu, Jingchao (57331366800); Gong, Hanshen (58344327700); Song, Guanghua (7402253104); Yang, Bowei (36081405200)","58344327600; 58604042900; 57331366800; 58344327700; 7402253104; 36081405200","Image Resizing for Object Detection: A Learnable Downsampler-Upsampler Pair with Differentiable Image Entropy Estimation","2023","International Journal of Pattern Recognition and Artificial Intelligence","37","8","2354011","","","","0","10.1142/S0218001423540113","https://www.scopus.com/inward/record.uri?eid=2-s2.0-85162753285&doi=10.1142%2fS0218001423540113&partnerID=40&md5=a63069d43df4f278598fedab146f0e8e","Article","Final","","Scopus","2-s2.0-85162753285"
"Kim J.; Li G.; Jung C.; Kim J.","Kim, Jonghyun (57214339556); Li, Gen (57215539087); Jung, Cheolkon (56260366100); Kim, Joongkyu (56675462300)","57214339556; 57215539087; 56260366100; 56675462300","PROGRESSIVE FACE SUPER-RESOLUTION WITH NON-PARAMETRIC FACIAL PRIOR ENHANCEMENT","2021","Proceedings - International Conference on Image Processing, ICIP","2021-September","","","899","903","4","1","10.1109/ICIP42928.2021.9506610","https://www.scopus.com/inward/record.uri?eid=2-s2.0-85125593835&doi=10.1109%2fICIP42928.2021.9506610&partnerID=40&md5=9295dea946b8ce1d1724d72fc8ed6048","Conference paper","Final","","Scopus","2-s2.0-85125593835"
"Dixit M.; Yadav R.N.","Dixit, Monika (58574545500); Yadav, Ram Narayan (56535923400)","58574545500; 56535923400","A Review of Single Image Super Resolution Techniques using Convolutional Neural Networks","2023","Multimedia Tools and Applications","","","","","","","0","10.1007/s11042-023-16786-9","https://www.scopus.com/inward/record.uri?eid=2-s2.0-85170839351&doi=10.1007%2fs11042-023-16786-9&partnerID=40&md5=d22c99f497a240b4b2576dc22fad7b0b","Article","Article in press","","Scopus","2-s2.0-85170839351"
"Ma C.; Yan B.; Lin Q.; Tan W.; Chen S.","Ma, Chenxi (57210451402); Yan, Bo (36764113400); Lin, Qing (57218836716); Tan, Weimin (57188575769); Chen, Siming (56647054000)","57210451402; 36764113400; 57218836716; 57188575769; 56647054000","Rethinking Super-Resolution as Text-Guided Details Generation","2022","MM 2022 - Proceedings of the 30th ACM International Conference on Multimedia","","","","3461","3469","8","0","10.1145/3503161.3547951","https://www.scopus.com/inward/record.uri?eid=2-s2.0-85151146720&doi=10.1145%2f3503161.3547951&partnerID=40&md5=7a9a8bc5729527de9b15aa7ddc2ebace","Conference paper","Final","All Open Access; Green Open Access","Scopus","2-s2.0-85151146720"
"Amirpour H.; Pasandi H.B.; Timmerer C.; Ghanbari M.","Amirpour, Hadi (56038838600); Pasandi, Hannaneh Barahouei (57208134364); Timmerer, Christian (8636751500); Ghanbari, Mohammad (7006530936)","56038838600; 57208134364; 8636751500; 7006530936","Improving Per-title Encoding for HTTP Adaptive Streaming by Utilizing Video Super-resolution","2021","2021 International Conference on Visual Communications and Image Processing, VCIP 2021 - Proceedings","","","","","","","1","10.1109/VCIP53242.2021.9675403","https://www.scopus.com/inward/record.uri?eid=2-s2.0-85125270932&doi=10.1109%2fVCIP53242.2021.9675403&partnerID=40&md5=82efda8c4f5e339b70f0ed5c3dc7467d","Conference paper","Final","","Scopus","2-s2.0-85125270932"
"Chudasama V.; Patel H.; Prajapati K.; Sarvaiya A.; Upla K.","Chudasama, Vishal (57202047982); Patel, Heena (57209145428); Prajapati, Kalpesh (57217177596); Sarvaiya, Anjali (57224979212); Upla, Kishor (53985429600)","57202047982; 57209145428; 57217177596; 57224979212; 53985429600","Generative Adversarial Network-Based Improved Progressive Approach for Image Super-Resolution: ImProSRGAN","2023","Lecture Notes in Electrical Engineering","952","","","291","305","14","0","10.1007/978-981-19-6737-5_24","https://www.scopus.com/inward/record.uri?eid=2-s2.0-85144821229&doi=10.1007%2f978-981-19-6737-5_24&partnerID=40&md5=a9f3e9a5ffce80852e4092ed80d8a8d8","Conference paper","Final","","Scopus","2-s2.0-85144821229"
"Sheeba G.; Maheswari M.","Sheeba, G. (57999937600); Maheswari, M. (6602880179)","57999937600; 6602880179","HEVC Video Quality Enhancement Using Deep Learning with Super Interpolation and Laplacian Filter","2022","IETE Journal of Research","","","","","","","2","10.1080/03772063.2022.2089746","https://www.scopus.com/inward/record.uri?eid=2-s2.0-85132812225&doi=10.1080%2f03772063.2022.2089746&partnerID=40&md5=751748254f4871320e3fe07037837151","Article","Article in press","","Scopus","2-s2.0-85132812225"
"Dixit M.; Yadav R.N.","Dixit, Monika (58574545500); Yadav, Ram Narayan (56535923400)","58574545500; 56535923400","U-SRN: Convolutional Neural network for single image super resolution","2023","Multimedia Tools and Applications","","","","","","","0","10.1007/s11042-023-17379-2","https://www.scopus.com/inward/record.uri?eid=2-s2.0-85174569524&doi=10.1007%2fs11042-023-17379-2&partnerID=40&md5=cf35f302719fff27b1f298dbc3799e83","Article","Article in press","","Scopus","2-s2.0-85174569524"
"El-Assiouti H.S.; El-Saadawy H.; Al-Berry M.N.; Tolba M.F.","El-Assiouti, Hosam S. (58403898400); El-Saadawy, Hadeer (57192155267); Al-Berry, Maryam N. (56030004700); Tolba, Mohamed F. (24541714400)","58403898400; 57192155267; 56030004700; 24541714400","Lite-SRGAN and Lite-UNet: Toward Fast and Accurate Image Super-Resolution, Segmentation, and Localization for Plant Leaf Diseases","2023","IEEE Access","11","","","67498","67517","19","0","10.1109/ACCESS.2023.3289750","https://www.scopus.com/inward/record.uri?eid=2-s2.0-85163421867&doi=10.1109%2fACCESS.2023.3289750&partnerID=40&md5=bb4dbc42ec2aa8705025115a2d4589ef","Article","Final","All Open Access; Gold Open Access","Scopus","2-s2.0-85163421867"
"Ma Z.; Sun S.; Yan B.; Kwak H.; Gao J.","Ma, Zhaoyang (57465197500); Sun, Shuyu (57729202000); Yan, Bicheng (55814326500); Kwak, Hyung (58656452100); Gao, Jun (58655827700)","57465197500; 57729202000; 55814326500; 58656452100; 58655827700","Enhancing the Resolution of Micro-CT Images of Rock Samples via Unsupervised Machine Learning based on a Diffusion Model","2023","Proceedings - SPE Annual Technical Conference and Exhibition","2023-October","","","","","","0","10.2118/214883-MS","https://www.scopus.com/inward/record.uri?eid=2-s2.0-85174546648&doi=10.2118%2f214883-MS&partnerID=40&md5=e9b40d5dc75f3b945b9852d7b2062ca7","Conference paper","Final","","Scopus","2-s2.0-85174546648"
"Michelini P.N.; Lu Y.; Jiang X.","Michelini, Pablo Navarrete (57194194558); Lu, Yunhua (57215780166); Jiang, Xingqun (57215776453)","57194194558; 57215780166; 57215776453","Edge-SR: Super-Resolution for the Masses","2022","Proceedings - 2022 IEEE/CVF Winter Conference on Applications of Computer Vision, WACV 2022","","","","4019","4028","9","0","10.1109/WACV51458.2022.00407","https://www.scopus.com/inward/record.uri?eid=2-s2.0-85126112049&doi=10.1109%2fWACV51458.2022.00407&partnerID=40&md5=8325807f69dc01104a7051662fa58cfc","Conference paper","Final","All Open Access; Green Open Access","Scopus","2-s2.0-85126112049"
"Sahito F.; Zhiwen P.; Sahito F.; Ahmed J.","Sahito, Faisal (57207360294); Zhiwen, Pan (7402644681); Sahito, Fahad (57215564522); Ahmed, Junaid (57191617246)","57207360294; 7402644681; 57215564522; 57191617246","Transpose convolution based model for super-resolution image reconstruction","2023","Applied Intelligence","53","9","","10574","10584","10","2","10.1007/s10489-022-03745-4","https://www.scopus.com/inward/record.uri?eid=2-s2.0-85136537013&doi=10.1007%2fs10489-022-03745-4&partnerID=40&md5=83ed91bf1dfa4763397932d3ff05d4e7","Article","Final","","Scopus","2-s2.0-85136537013"
"Tovar N.; Kwon S.; Jeong J.","Tovar, Nathaniel (57424541700); Kwon, Sean (36246354500); Jeong, Jinseong (8316413500)","57424541700; 36246354500; 8316413500","Image Upscaling with Deep Machine Learning for Energy-Efficient Data Communications","2023","Electronics (Switzerland)","12","3","689","","","","0","10.3390/electronics12030689","https://www.scopus.com/inward/record.uri?eid=2-s2.0-85147877440&doi=10.3390%2felectronics12030689&partnerID=40&md5=afad594ec0ba0d831fa30b4427fadbe1","Article","Final","All Open Access; Gold Open Access","Scopus","2-s2.0-85147877440"
"Na S.; Park U.; Lim H.-W.; Lee J.","Na, Sewhan (57215560094); Park, Unki (57354054900); Lim, Hyun-Wook (56537461800); Lee, Jaeyoul (8333491100)","57215560094; 57354054900; 56537461800; 8333491100","Multistage video up-scaling technique for 8K High quality display","2021","Proceedings of the International Display Workshops","27","","","843","846","3","0","","https://www.scopus.com/inward/record.uri?eid=2-s2.0-85119983234&partnerID=40&md5=7f70a14a4e405e0dce8b7c6da83f8ca4","Conference paper","Final","","Scopus","2-s2.0-85119983234"
"Huang B.; He B.; Wu L.; Guo Z.","Huang, Bo (57221167884); He, Boyong (57214668875); Wu, Liaoni (35103994700); Guo, Zhiming (57193602601)","57221167884; 57214668875; 35103994700; 57193602601","Deep residual dual-attention network for super-resolution reconstruction of remote sensing images","2021","Remote Sensing","13","14","2784","","","","6","10.3390/rs13142784","https://www.scopus.com/inward/record.uri?eid=2-s2.0-85111247775&doi=10.3390%2frs13142784&partnerID=40&md5=0ce1f3977aedcfc82b4a59e86bf88e1b","Article","Final","All Open Access; Gold Open Access","Scopus","2-s2.0-85111247775"
"Feldens P.","Feldens, Peter (26324896900)","26324896900","Super resolution by deep learning improves boulder detection in side scan sonar backscatter mosaics","2020","Remote Sensing","12","14","2284","","","","5","10.3390/rs12142284","https://www.scopus.com/inward/record.uri?eid=2-s2.0-85088627522&doi=10.3390%2frs12142284&partnerID=40&md5=98d6e75cbeb1af8403c099bc05377233","Article","Final","All Open Access; Gold Open Access; Green Open Access","Scopus","2-s2.0-85088627522"
"Pan Z.; Li B.; He D.; Wu W.; Ding E.","Pan, Zhihong (57213164034); Li, Baopu (15843770500); He, Dongliang (57215281753); Wu, Wenhao (57211802977); Ding, Errui (57194186284)","57213164034; 15843770500; 57215281753; 57211802977; 57194186284","Effective Invertible Arbitrary Image Rescaling","2023","Proceedings - 2023 IEEE Winter Conference on Applications of Computer Vision, WACV 2023","","","","5405","5414","9","2","10.1109/WACV56688.2023.00538","https://www.scopus.com/inward/record.uri?eid=2-s2.0-85149037116&doi=10.1109%2fWACV56688.2023.00538&partnerID=40&md5=4cba64d23d834347e3e977357fc74254","Conference paper","Final","All Open Access; Green Open Access","Scopus","2-s2.0-85149037116"
"Chudasama V.; Upla K.","Chudasama, Vishal (57202047982); Upla, Kishor (53985429600)","57202047982; 53985429600","Computationally efficient progressive approach for single-image super-resolution using generative adversarial network","2021","Journal of Electronic Imaging","30","2","021003","","","","6","10.1117/1.JEI.30.2.021003","https://www.scopus.com/inward/record.uri?eid=2-s2.0-85105537162&doi=10.1117%2f1.JEI.30.2.021003&partnerID=40&md5=179171ffb86c5a0cd43cd2f4fccc226d","Article","Final","","Scopus","2-s2.0-85105537162"
"Seddik M.E.A.; Tamaazousti M.; Lin J.","Seddik, Mohamed El Amine (57202748489); Tamaazousti, Mohamed (36460407500); Lin, John (57199999188)","57202748489; 36460407500; 57199999188","Generative collaborative networks for single image super-resolution","2020","Neurocomputing","398","","","293","303","10","4","10.1016/j.neucom.2019.02.068","https://www.scopus.com/inward/record.uri?eid=2-s2.0-85066897861&doi=10.1016%2fj.neucom.2019.02.068&partnerID=40&md5=55efc360d10af0bc91e95680acd8f4af","Article","Final","All Open Access; Bronze Open Access; Green Open Access","Scopus","2-s2.0-85066897861"
"Laurenzis M.; Seets T.; Bacher E.; Ingle A.; Velten A.","Laurenzis, Martin (6602922462); Seets, Trevor (57221840295); Bacher, Emmanuel (46061790400); Ingle, Atul (55338198800); Velten, Andreas (24777425700)","6602922462; 57221840295; 46061790400; 55338198800; 24777425700","Comparison of super-resolution and noise reduction for passive single-photon imaging","2022","Journal of Electronic Imaging","31","3","033042","","","","2","10.1117/1.JEI.31.3.033042","https://www.scopus.com/inward/record.uri?eid=2-s2.0-85133681608&doi=10.1117%2f1.JEI.31.3.033042&partnerID=40&md5=1e44703e9e884598e2be7bf4ec9ab083","Article","Final","All Open Access; Hybrid Gold Open Access","Scopus","2-s2.0-85133681608"
"Aggarwal A.; Bansal M.; Verma T.; Sood A.","Aggarwal, Anirudh (57210554012); Bansal, Mohit (58392919300); Verma, Tanishq (57699109100); Sood, Apoorvi (56126781100)","57210554012; 58392919300; 57699109100; 56126781100","Residual in Residual Cascade Network for Single-Image Super Resolution","2022","Lecture Notes in Networks and Systems","392","","","335","346","11","0","10.1007/978-981-19-0619-0_30","https://www.scopus.com/inward/record.uri?eid=2-s2.0-85130369777&doi=10.1007%2f978-981-19-0619-0_30&partnerID=40&md5=a8e37d3bb14c0300b69485a1ede3f349","Conference paper","Final","","Scopus","2-s2.0-85130369777"
"Armannsson S.E.; Ulfarsson M.O.; Sigurdsson J.; Nguyen H.V.; Sveinsson J.R.","Armannsson, Sveinn E. (57224686207); Ulfarsson, Magnus O. (6507677875); Sigurdsson, Jakob (7006736374); Nguyen, Han V. (57222240069); Sveinsson, Johannes R. (7003642214)","57224686207; 6507677875; 7006736374; 57222240069; 7003642214","A comparison of optimized sentinel-2 super-resolution methods using wald’s protocol and bayesian optimization","2021","Remote Sensing","13","11","2192","","","","12","10.3390/rs13112192","https://www.scopus.com/inward/record.uri?eid=2-s2.0-85108170131&doi=10.3390%2frs13112192&partnerID=40&md5=e8f051ff097cbf6ceff9cbe61eebf56f","Article","Final","All Open Access; Gold Open Access; Green Open Access","Scopus","2-s2.0-85108170131"
"Ghosh A.; Goswami K.; Chatterjee R.; Sarkar P.","Ghosh, Archan (57336890500); Goswami, Kalporoop (57336608600); Chatterjee, Riju (57337168400); Sarkar, Paramita (57209597838)","57336890500; 57336608600; 57337168400; 57209597838","A Light SRGAN for Up-Scaling of Low Resolution and High Latency Images","2021","Communications in Computer and Information Science","1440 CCIS","","","56","67","11","0","10.1007/978-3-030-81462-5_6","https://www.scopus.com/inward/record.uri?eid=2-s2.0-85118973743&doi=10.1007%2f978-3-030-81462-5_6&partnerID=40&md5=273ab2a1f09256019e7e3ac29535b490","Conference paper","Final","","Scopus","2-s2.0-85118973743"
"Zhang M.; Pan Z.; Zhou X.; Kuo C.-C.J.","Zhang, Min (57212870674); Pan, Zhihong (57213164034); Zhou, Xin (57221187745); Kuo, C.-C. Jay (58094912900)","57212870674; 57213164034; 57221187745; 58094912900","Enhancing Image Rescaling using Dual Latent Variables in Invertible Neural Network","2022","MM 2022 - Proceedings of the 30th ACM International Conference on Multimedia","","","","5602","5610","8","1","10.1145/3503161.3548376","https://www.scopus.com/inward/record.uri?eid=2-s2.0-85146355651&doi=10.1145%2f3503161.3548376&partnerID=40&md5=49596ef2d65b666eb8b8fbe61d834706","Conference paper","Final","All Open Access; Bronze Open Access; Green Open Access","Scopus","2-s2.0-85146355651"
"Zhang D.; Shao J.; Shen H.T.","Zhang, Dongyang (57197844592); Shao, Jie (57002035900); Shen, Heng Tao (7404523209)","57197844592; 57002035900; 7404523209","Kernel Attention Network for Single Image Super-Resolution","2020","ACM Transactions on Multimedia Computing, Communications and Applications","16","3","3398685","","","","14","10.1145/3398685","https://www.scopus.com/inward/record.uri?eid=2-s2.0-85091983577&doi=10.1145%2f3398685&partnerID=40&md5=4e0146c1aa53be01bf3c6d7204d5d978","Article","Final","","Scopus","2-s2.0-85091983577"
"Neetha C.H.; Prasad Kantipudi M.V.V.; Shahane P.","Neetha, C.H. (57222611638); Prasad Kantipudi, M.V.V. (57158399800); Shahane, Priti (56826072900)","57222611638; 57158399800; 56826072900","A Survey of Image Super-Resolution Algorithms Based on Convolutional Neural Networks for Smart City Health Care Applications","2022","IET Conference Proceedings","2022","26","","101","106","5","0","10.1049/icp.2023.0356","https://www.scopus.com/inward/record.uri?eid=2-s2.0-85168973665&doi=10.1049%2ficp.2023.0356&partnerID=40&md5=3947dfcd9712f4eec4728dcb3aacdd2a","Conference paper","Final","","Scopus","2-s2.0-85168973665"
"Sharma S.; Kumar V.","Sharma, Shailza (57307338300); Kumar, Vinay (8728969100)","57307338300; 8728969100","An efficient image super resolution model with dense skip connections between complex filter structures in Generative Adversarial Networks","2021","Expert Systems with Applications","186","","115780","","","","7","10.1016/j.eswa.2021.115780","https://www.scopus.com/inward/record.uri?eid=2-s2.0-85113544930&doi=10.1016%2fj.eswa.2021.115780&partnerID=40&md5=bf6cab214f2aba5ae5cfb42064931a13","Article","Final","","Scopus","2-s2.0-85113544930"
"Choong R.-J.; Yap W.-S.; Hum Y.C.; Tee Y.K.","Choong, Ren-Jun (57219087807); Yap, Wun-She (14827620500); Hum, Yan Chai (36989504500); Tee, Yee Kai (55339490300)","57219087807; 14827620500; 36989504500; 55339490300","A Study on the Effect of Video Resolution on the Quality of Sound Recovered using the Visual Microphone","2022","ACM International Conference Proceeding Series","","","","113","117","4","0","10.1145/3531232.3531248","https://www.scopus.com/inward/record.uri?eid=2-s2.0-85131876846&doi=10.1145%2f3531232.3531248&partnerID=40&md5=a608b206c7a669ce67bbbf8b45fec336","Conference paper","Final","","Scopus","2-s2.0-85131876846"
"Chang S.; Kim J.; Hahm C.-H.","Chang, Simyung (57204397218); Kim, Jihoon (57226683658); Hahm, Cheul-Hee (6603639993)","57204397218; 57226683658; 6603639993","A Lightweight Super-resolution for Compressed Image","2020","2020 IEEE International Conference on Consumer Electronics - Asia, ICCE-Asia 2020","","","9276946","","","","1","10.1109/ICCE-Asia49877.2020.9276946","https://www.scopus.com/inward/record.uri?eid=2-s2.0-85098859381&doi=10.1109%2fICCE-Asia49877.2020.9276946&partnerID=40&md5=136b1df73b0335b4730530ac352d31f0","Conference paper","Final","","Scopus","2-s2.0-85098859381"
"Chudasama V.; Patel H.; Prajapati K.; Upla K.; Ramachandra R.; Raja K.; Busch C.","Chudasama, Vishal (57202047982); Patel, Heena (57209145428); Prajapati, Kalpesh (57217177596); Upla, Kishor (53985429600); Ramachandra, Raghavendra (57190835798); Raja, Kiran (57188866050); Busch, Christoph (7101767185)","57202047982; 57209145428; 57217177596; 53985429600; 57190835798; 57188866050; 7101767185","TherISuRNet - A computationally efficient thermal image super-resolution network","2020","IEEE Computer Society Conference on Computer Vision and Pattern Recognition Workshops","2020-June","","9150703","388","397","9","23","10.1109/CVPRW50498.2020.00051","https://www.scopus.com/inward/record.uri?eid=2-s2.0-85090157585&doi=10.1109%2fCVPRW50498.2020.00051&partnerID=40&md5=4094769fe91861d33cbad8adefb18e04","Conference paper","Final","","Scopus","2-s2.0-85090157585"
"Liu P.; Zhang H.; Cao Y.; Liu S.; Ren D.; Zuo W.","Liu, Pengju (57015834400); Zhang, Hongzhi (55685580000); Cao, Yue (57218706886); Liu, Shigang (26663071300); Ren, Dongwei (55377333300); Zuo, Wangmeng (56888903800)","57015834400; 55685580000; 57218706886; 26663071300; 55377333300; 56888903800","Learning cascaded convolutional networks for blind single image super-resolution","2020","Neurocomputing","417","","","371","383","12","7","10.1016/j.neucom.2020.07.122","https://www.scopus.com/inward/record.uri?eid=2-s2.0-85091675450&doi=10.1016%2fj.neucom.2020.07.122&partnerID=40&md5=616342b079ed17feb9aa174e4195015c","Article","Final","","Scopus","2-s2.0-85091675450"
"Mohan A.; Dwivedi R.; Kumar B.","Mohan, Amrita (57196078933); Dwivedi, Ramji (57198818996); Kumar, Basant (57220803153)","57196078933; 57198818996; 57220803153","Image Restoration of Landslide Photographs Using SRCNN","2022","Lecture Notes in Electrical Engineering","777","","","1249","1259","10","2","10.1007/978-981-16-2761-3_108","https://www.scopus.com/inward/record.uri?eid=2-s2.0-85121753872&doi=10.1007%2f978-981-16-2761-3_108&partnerID=40&md5=6d92a1d67cdf23da56bf458d5d87b375","Conference paper","Final","","Scopus","2-s2.0-85121753872"
"Nogueira N.; Guedes S.; Mardolker V.; Parab A.; Aswale S.; Shetgaonkar P.","Nogueira, Neeboy (57468524800); Guedes, Shawnon (57468214000); Mardolker, Vaishnavi (57468367100); Parab, Amar (57468524900); Aswale, Shailendra (57038752300); Shetgaonkar, Pratiksha (57212061852)","57468524800; 57468214000; 57468367100; 57468524900; 57038752300; 57212061852","Expeditious Video Super Resolution Using Convolutional Neural Network","2021","Proceedings of International Conference on Technological Advancements and Innovations, ICTAI 2021","","","","87","91","4","0","10.1109/ICTAI53825.2021.9673218","https://www.scopus.com/inward/record.uri?eid=2-s2.0-85125354386&doi=10.1109%2fICTAI53825.2021.9673218&partnerID=40&md5=26a912104370f2e8ecca0a302da88f4f","Conference paper","Final","","Scopus","2-s2.0-85125354386"
"Pyatigoudar S.; Meena S.M.; Gurlahosur S.V.; Kulkarni U.","Pyatigoudar, Sheetal (57226303004); Meena, S.M. (23987606800); Gurlahosur, Sunil V. (57221379763); Kulkarni, Uday (57192095069)","57226303004; 23987606800; 57221379763; 57192095069","2D-Image Super-Resolution on Heritage Site","2021","Lecture Notes in Electrical Engineering","736 LNEE","","","409","420","11","0","10.1007/978-981-33-6987-0_34","https://www.scopus.com/inward/record.uri?eid=2-s2.0-85111151793&doi=10.1007%2f978-981-33-6987-0_34&partnerID=40&md5=1ecdce208f16b2cd8d952ef244e829c8","Conference paper","Final","","Scopus","2-s2.0-85111151793"
"Shah B.; Sinha A.; Saxena P.","Shah, Bhumika (56857181700); Sinha, Ankita (57652593300); Saxena, Prashant (57485850700)","56857181700; 57652593300; 57485850700","Image GPT with Super Resolution","2022","Smart Innovation, Systems and Technologies","266","","","99","107","8","0","10.1007/978-981-16-6624-7_11","https://www.scopus.com/inward/record.uri?eid=2-s2.0-85126267501&doi=10.1007%2f978-981-16-6624-7_11&partnerID=40&md5=f11c25efac8c2e596e5febfbfa6438d9","Conference paper","Final","","Scopus","2-s2.0-85126267501"
"He Z.; Li J.; Liu L.; He D.; Xiao M.","He, Zhi (36604533800); Li, Jun (24481713500); Liu, Lin (55715201000); He, Dan (57216097405); Xiao, Man (57222244031)","36604533800; 24481713500; 55715201000; 57216097405; 57222244031","Multiframe Video Satellite Image Super-Resolution via Attention-Based Residual Learning","2022","IEEE Transactions on Geoscience and Remote Sensing","60","","","","","","11","10.1109/TGRS.2021.3072381","https://www.scopus.com/inward/record.uri?eid=2-s2.0-85107180087&doi=10.1109%2fTGRS.2021.3072381&partnerID=40&md5=041021fd5f2ec4f4a5b4ea8668d2a604","Article","Final","","Scopus","2-s2.0-85107180087"
"Masutani E.M.; Bahrami N.; Hsiao A.","Masutani, Evan M. (57194766741); Bahrami, Naeim (57132694400); Hsiao, Albert (53263994800)","57194766741; 57132694400; 53263994800","Deep learning single-frame and multiframe super-resolution for cardiac MRI","2020","Radiology","295","3","","552","561","9","53","10.1148/radiol.2020192173","https://www.scopus.com/inward/record.uri?eid=2-s2.0-85084785531&doi=10.1148%2fradiol.2020192173&partnerID=40&md5=9d001e333f37bd419262c1e0d674623f","Article","Final","All Open Access; Green Open Access","Scopus","2-s2.0-85084785531"
"Gao S.; Zhuang X.","Gao, Shangqi (57195280961); Zhuang, Xiahai (13610254200)","57195280961; 13610254200","Multi-scale deep neural networks for real image super-resolution","2019","IEEE Computer Society Conference on Computer Vision and Pattern Recognition Workshops","2019-June","","9025686","2006","2013","7","25","10.1109/CVPRW.2019.00252","https://www.scopus.com/inward/record.uri?eid=2-s2.0-85078101629&doi=10.1109%2fCVPRW.2019.00252&partnerID=40&md5=8043341b70a3e3216897e18329a729fe","Conference paper","Final","All Open Access; Green Open Access","Scopus","2-s2.0-85078101629"
"Märtens M.; Izzo D.; Krzic A.; Cox D.","Märtens, Marcus (36938152500); Izzo, Dario (16021918800); Krzic, Andrej (57199644951); Cox, Daniël (57215652608)","36938152500; 16021918800; 57199644951; 57215652608","Super-resolution of PROBA-V images using convolutional neural networks","2019","Astrodynamics","3","4","","387","402","15","44","10.1007/s42064-019-0059-8","https://www.scopus.com/inward/record.uri?eid=2-s2.0-85081573720&doi=10.1007%2fs42064-019-0059-8&partnerID=40&md5=d7e98b1dab609f8e07ea71566a986583","Article","Final","All Open Access; Green Open Access","Scopus","2-s2.0-85081573720"
"Gao X.; Zhang L.; Mou X.","Gao, Xiaodong (57205251932); Zhang, Ling (8611775700); Mou, Xianglin (57205247551)","57205251932; 8611775700; 57205247551","Single Image Super-Resolution Using Dual-Branch Convolutional Neural Network","2019","IEEE Access","7","","8588998","15767","15778","11","12","10.1109/ACCESS.2018.2889760","https://www.scopus.com/inward/record.uri?eid=2-s2.0-85059256475&doi=10.1109%2fACCESS.2018.2889760&partnerID=40&md5=9b7c1b0fd422f9607f736f1334efa98e","Article","Final","All Open Access; Gold Open Access","Scopus","2-s2.0-85059256475"
"Georgescu M.-I.; Ionescu R.T.; Verga N.","Georgescu, Mariana-Iuliana (57209136035); Ionescu, Radu Tudor (55201293400); Verga, Nicolae (36118439000)","57209136035; 55201293400; 36118439000","Convolutional Neural Networks with Intermediate Loss for 3D Super-Resolution of CT and MRI Scans","2020","IEEE Access","8","","9034049","49112","49124","12","39","10.1109/ACCESS.2020.2980266","https://www.scopus.com/inward/record.uri?eid=2-s2.0-85082399888&doi=10.1109%2fACCESS.2020.2980266&partnerID=40&md5=aa5e86870a9cc29eb46fe5ee6f241d15","Article","Final","All Open Access; Gold Open Access; Green Open Access","Scopus","2-s2.0-85082399888"
"Michelini P.N.; Liu H.; Zhu D.","Michelini, Pablo Navarrete (57194194558); Liu, Hanwen (57205360738); Zhu, Dan (57217403014)","57194194558; 57205360738; 57217403014","Multigrid backprojection super-resolution and deep filter visualization","2019","33rd AAAI Conference on Artificial Intelligence, AAAI 2019, 31st Innovative Applications of Artificial Intelligence Conference, IAAI 2019 and the 9th AAAI Symposium on Educational Advances in Artificial Intelligence, EAAI 2019","","","","4642","4650","8","18","","https://www.scopus.com/inward/record.uri?eid=2-s2.0-85083288980&partnerID=40&md5=7f022f3bdb1658cdfd992a97e19d4d16","Conference paper","Final","","Scopus","2-s2.0-85083288980"
"Yu X.; Porikli F.; Fernando B.; Hartley R.","Yu, Xin (57191429254); Porikli, Fatih (6603528219); Fernando, Basura (36975184500); Hartley, Richard (7102573790)","57191429254; 6603528219; 36975184500; 7102573790","Hallucinating Unaligned Face Images by Multiscale Transformative Discriminative Networks","2020","International Journal of Computer Vision","128","2","","500","526","26","27","10.1007/s11263-019-01254-5","https://www.scopus.com/inward/record.uri?eid=2-s2.0-85076463592&doi=10.1007%2fs11263-019-01254-5&partnerID=40&md5=bd3a2fb619d59c8c99b0b71309f43a76","Article","Final","","Scopus","2-s2.0-85076463592"
"Greiner T.L.; Kolbjørnsen O.; Lie J.E.; Nilsen E.H.; Evensen A.K.; Gelius L.","Greiner, Thomas Larsen (57214913204); Kolbjørnsen, Odd (6602713000); Lie, Jan Erik (55850721200); Nilsen, Espen Harris (57194181365); Evensen, Andreas Kjelsrud (57194039943); Gelius, Leiv (6701524775)","57214913204; 6602713000; 55850721200; 57194181365; 57194039943; 6701524775","Cross-streamer wavefield interpolation using deep convolutional neural network","2019","SEG Technical Program Expanded Abstracts","","","","2207","2211","4","3","10.1190/segam2019-3214009.1","https://www.scopus.com/inward/record.uri?eid=2-s2.0-85121872670&doi=10.1190%2fsegam2019-3214009.1&partnerID=40&md5=cd58121bf905b7e576970f118958f8ce","Conference paper","Final","All Open Access; Green Open Access","Scopus","2-s2.0-85121872670"
"Toutounchi F.; Izquierdo E.","Toutounchi, Farzad (56771440700); Izquierdo, Ebroul (35553751500)","56771440700; 35553751500","Advanced super-resolution using lossless pooling convolutional networks","2019","Proceedings - 2019 IEEE Winter Conference on Applications of Computer Vision, WACV 2019","","","8658415","1562","1568","6","3","10.1109/WACV.2019.00171","https://www.scopus.com/inward/record.uri?eid=2-s2.0-85063590935&doi=10.1109%2fWACV.2019.00171&partnerID=40&md5=1eddd442f8a163bcc44143df7df4e21c","Conference paper","Final","All Open Access; Green Open Access","Scopus","2-s2.0-85063590935"
"Grm K.; Scheirer W.J.; Štruc V.","Grm, Klemen (57189093547); Scheirer, Walter J. (35241348400); Štruc, Vitomir (17347474600)","57189093547; 35241348400; 17347474600","Face Hallucination Using Cascaded Super-Resolution and Identity Priors","2020","IEEE Transactions on Image Processing","29","1","8866753","2150","2165","15","71","10.1109/TIP.2019.2945835","https://www.scopus.com/inward/record.uri?eid=2-s2.0-85077738361&doi=10.1109%2fTIP.2019.2945835&partnerID=40&md5=2badaa18784945b3f0b53685f64d2384","Article","Final","All Open Access; Green Open Access; Hybrid Gold Open Access","Scopus","2-s2.0-85077738361"
"Nagaraj P.; Muthamilsudar K.; Nehanth N.S.; Shahid M.R.; Kumar S.V.","Nagaraj, P. (57215205769); Muthamilsudar, K. (57225216686); Nehanth, Naga S. (57225203188); Shahid, Mohammed R. (57225205285); Kumar, Sujith V. (57225212602)","57215205769; 57225216686; 57225203188; 57225205285; 57225212602","Perceptual image super resolution using deep learning and super resolution convolution neural networks (SRCNN)","2020","Advances in Parallel Computing","37","","","3","8","5","8","10.3233/APC200112","https://www.scopus.com/inward/record.uri?eid=2-s2.0-85109472910&doi=10.3233%2fAPC200112&partnerID=40&md5=ff1d1af20f9f00fbc34faaa3376e0a64","Article","Final","All Open Access; Gold Open Access","Scopus","2-s2.0-85109472910"
"Liu P.; Hong Y.; Liu Y.","Liu, Peng (58456627600); Hong, Ying (37017047800); Liu, Yan (56178872300)","58456627600; 37017047800; 56178872300","Single image super-resolution using adaptive upsampling convolutional network","2019","Proceedings of 2019 IEEE 8th Joint International Information Technology and Artificial Intelligence Conference, ITAIC 2019","","","8785627","726","730","4","3","10.1109/ITAIC.2019.8785627","https://www.scopus.com/inward/record.uri?eid=2-s2.0-85071084695&doi=10.1109%2fITAIC.2019.8785627&partnerID=40&md5=1f4fb1a4c7877ab7691c47b908ac7f86","Conference paper","Final","","Scopus","2-s2.0-85071084695"
"Bellos D.; Basham M.; Pridmore T.; French A.P.","Bellos, Dimitrios (6507466198); Basham, Mark (17134452000); Pridmore, Tony (6701847105); French, Andrew P. (7202095090)","6507466198; 17134452000; 6701847105; 7202095090","A convolutional neural network for fast upsampling of undersampled tomograms in X-ray CT time-series using a representative highly sampled tomogram","2019","Journal of Synchrotron Radiation","26","3","","839","853","14","3","10.1107/S1600577519003448","https://www.scopus.com/inward/record.uri?eid=2-s2.0-85064811070&doi=10.1107%2fS1600577519003448&partnerID=40&md5=9a9d40409eeaa8c2625247195568a150","Article","Final","All Open Access; Green Open Access; Hybrid Gold Open Access","Scopus","2-s2.0-85064811070"
"Helal K.A.; Barabadi B.; Baniasadi A.; Dimopoulos N.","Helal, Khaled A. (6603505088); Barabadi, Bardia (57212138884); Baniasadi, Amirali (9738433000); Dimopoulos, Nikitas (7006513837)","6603505088; 57212138884; 9738433000; 7006513837","Scale Invariant Super-Resolutions Methods with Application to InSAR Images","2019","Proceedings - APCCAS 2019: 2019 IEEE Asia Pacific Conference on Circuits and Systems: Innovative CAS Towards Sustainable Energy and Technology Disruption","","","8953090","305","308","3","1","10.1109/APCCAS47518.2019.8953090","https://www.scopus.com/inward/record.uri?eid=2-s2.0-85078694803&doi=10.1109%2fAPCCAS47518.2019.8953090&partnerID=40&md5=f3632df67b3023ec01f0d6c6a57306ee","Conference paper","Final","","Scopus","2-s2.0-85078694803"
"Prajapati K.; Chudasama V.; Upla K.","Prajapati, Kalpesh (57217177596); Chudasama, Vishal (57202047982); Upla, Kishor (53985429600)","57217177596; 57202047982; 53985429600","A Light Weight Convolutional Neural Network for Single Image Super-Resolution","2020","Procedia Computer Science","171","","","139","147","8","5","10.1016/j.procs.2020.04.015","https://www.scopus.com/inward/record.uri?eid=2-s2.0-85086640037&doi=10.1016%2fj.procs.2020.04.015&partnerID=40&md5=0b21cd365a39ef1caea3b7f3e8cbaa3c","Conference paper","Final","All Open Access; Gold Open Access","Scopus","2-s2.0-85086640037"
"Kim Y.; Choi J.-S.; Lee J.; Kim M.","Kim, Yongwoo (57202143770); Choi, Jae-Seok (56584970800); Lee, Jaehyup (57215427721); Kim, Munchurl (8956957700)","57202143770; 56584970800; 57215427721; 8956957700","A CNN-Based Multi-scale Super-Resolution Architecture on FPGA for 4K/8K UHD Applications","2020","Lecture Notes in Computer Science (including subseries Lecture Notes in Artificial Intelligence and Lecture Notes in Bioinformatics)","11962 LNCS","","","739","744","5","3","10.1007/978-3-030-37734-2_63","https://www.scopus.com/inward/record.uri?eid=2-s2.0-85080898277&doi=10.1007%2f978-3-030-37734-2_63&partnerID=40&md5=6a8e0de518dc60edff7cbb321f287929","Conference paper","Final","","Scopus","2-s2.0-85080898277"
"Huang H.; He R.; Sun Z.; Tan T.","Huang, Huaibo (57200614611); He, Ran (35764463900); Sun, Zhenan (8081773300); Tan, Tieniu (7402022125)","57200614611; 35764463900; 8081773300; 7402022125","Wavelet Domain Generative Adversarial Network for Multi-scale Face Hallucination","2019","International Journal of Computer Vision","127","6-7","","763","784","21","51","10.1007/s11263-019-01154-8","https://www.scopus.com/inward/record.uri?eid=2-s2.0-85061478119&doi=10.1007%2fs11263-019-01154-8&partnerID=40&md5=37bc97ec4fd5e774eb515653d9d66840","Article","Final","","Scopus","2-s2.0-85061478119"
"Shao Z.; Wang L.; Wang Z.; Deng J.","Shao, Zhenfeng (57203905559); Wang, Lei (57211488504); Wang, Zhongyuan (57203515592); Deng, Juan (37021099200)","57203905559; 57211488504; 57203515592; 37021099200","Remote Sensing Image Super-Resolution Using Sparse Representation and Coupled Sparse Autoencoder","2019","IEEE Journal of Selected Topics in Applied Earth Observations and Remote Sensing","12","8","8758165","2663","2674","11","86","10.1109/JSTARS.2019.2925456","https://www.scopus.com/inward/record.uri?eid=2-s2.0-85072644224&doi=10.1109%2fJSTARS.2019.2925456&partnerID=40&md5=782bc033ee02d5b186fec9241da21eb7","Article","Final","","Scopus","2-s2.0-85072644224"
"Deng X.; Dragotti P.L.","Deng, Xin (56071493400); Dragotti, Pier Luigi (6701786340)","56071493400; 6701786340","Deep coupled ISTA network for multi-modal image super-resolution","2020","IEEE Transactions on Image Processing","29","","8858035","1683","1698","15","36","10.1109/TIP.2019.2944270","https://www.scopus.com/inward/record.uri?eid=2-s2.0-85077494250&doi=10.1109%2fTIP.2019.2944270&partnerID=40&md5=eaf16e536a02fdeb6f09f5ce262e3b62","Article","Final","All Open Access; Green Open Access","Scopus","2-s2.0-85077494250"
"Dogan B.; Gu S.; Timofte R.","Dogan, Berk (57216375439); Gu, Shuhang (56421224700); Timofte, Radu (35812778400)","57216375439; 56421224700; 35812778400","Exemplar guided face image super-resolution without facial landmarks","2019","IEEE Computer Society Conference on Computer Vision and Pattern Recognition Workshops","2019-June","","9025508","1814","1823","9","38","10.1109/CVPRW.2019.00232","https://www.scopus.com/inward/record.uri?eid=2-s2.0-85083080750&doi=10.1109%2fCVPRW.2019.00232&partnerID=40&md5=8504a73fba9163682eafd107c1ad5663","Conference paper","Final","All Open Access; Green Open Access","Scopus","2-s2.0-85083080750"
"Sun W.; Chen Z.","Sun, Wanjie (57204465743); Chen, Zhenzhong (55737671700)","57204465743; 55737671700","Learned Image Downscaling for Upscaling Using Content Adaptive Resampler","2020","IEEE Transactions on Image Processing","29","","8982168","4027","4040","13","81","10.1109/TIP.2020.2970248","https://www.scopus.com/inward/record.uri?eid=2-s2.0-85079498837&doi=10.1109%2fTIP.2020.2970248&partnerID=40&md5=b50c4dcd797ceeadb8d3262cbf1690fb","Article","Final","All Open Access; Green Open Access","Scopus","2-s2.0-85079498837"
"Lu Y.; Jiang Z.; Ju G.; Shen L.; Men A.","Lu, Yue (57208653526); Jiang, Zhuqing (55834971300); Ju, Guodong (57210574497); Shen, Liangheng (57210575916); Men, Aidong (7003758403)","57208653526; 55834971300; 57210574497; 57210575916; 7003758403","Recursive multi-stage upscaling network with discriminative fusion for super-resolution","2019","Proceedings - IEEE International Conference on Multimedia and Expo","2019-July","","8784708","574","579","5","5","10.1109/ICME.2019.00105","https://www.scopus.com/inward/record.uri?eid=2-s2.0-85071013136&doi=10.1109%2fICME.2019.00105&partnerID=40&md5=f16996acf57658d3713059d4e94b5b61","Conference paper","Final","","Scopus","2-s2.0-85071013136"
"Kiatpapan S.; Yamaguchi T.; Ikehara M.","Kiatpapan, Sawiya (57095094300); Yamaguchi, Takuro (57189361588); Ikehara, Masaaki (7102346636)","57095094300; 57189361588; 7102346636","Super-Resolution Based on Back-Projection of Interpolated Image","2019","International Conference on Advanced Technologies for Communications","2019-October","","8924492","302","307","5","1","10.1109/ATC.2019.8924492","https://www.scopus.com/inward/record.uri?eid=2-s2.0-85077543647&doi=10.1109%2fATC.2019.8924492&partnerID=40&md5=07fe98167274c20090aae15df3ad30b9","Conference paper","Final","","Scopus","2-s2.0-85077543647"
"Duan R.; Zhou D.-W.; Zhao L.-J.; Chai X.-L.","Duan, Ran (57211493653); Zhou, Deng-Wen (7403394720); Zhao, Li-Juan (57203573048); Chai, Xiao-Liang (57210378186)","57211493653; 7403394720; 57203573048; 57210378186","Image super-resolution reconstruction based on multi-scale feature mapping network; [基于多尺度特征映射网络的图像超分辨率重建]","2019","Zhejiang Daxue Xuebao (Gongxue Ban)/Journal of Zhejiang University (Engineering Science)","53","7","","1331","1339","8","4","10.3785/j.issn.1008-973X.2019.07.012","https://www.scopus.com/inward/record.uri?eid=2-s2.0-85071921496&doi=10.3785%2fj.issn.1008-973X.2019.07.012&partnerID=40&md5=8ec6813cebe8387a4fcfb02b7a2a75f9","Article","Final","","Scopus","2-s2.0-85071921496"
"Gu S.; Lugmayr A.; Danelljan M.; Fritsche M.; Lamour J.; Timofte R.","Gu, Shuhang (56421224700); Lugmayr, Andreas (57215970874); Danelljan, Martin (56422503300); Fritsche, Manuel (57205615260); Lamour, Julien (57225433209); Timofte, Radu (35812778400)","56421224700; 57215970874; 56422503300; 57205615260; 57225433209; 35812778400","DIV8K: DIVerse 8K resolution image dataset","2019","Proceedings - 2019 International Conference on Computer Vision Workshop, ICCVW 2019","","","9021973","3512","3516","4","44","10.1109/ICCVW.2019.00435","https://www.scopus.com/inward/record.uri?eid=2-s2.0-85082455949&doi=10.1109%2fICCVW.2019.00435&partnerID=40&md5=87f5af4c274aabc8b85fe1dfdef59629","Conference paper","Final","","Scopus","2-s2.0-85082455949"
"Liu P.; Hong Y.; Liu Y.","Liu, Peng (58456627600); Hong, Ying (37017047800); Liu, Yan (56178872300)","58456627600; 37017047800; 56178872300","A Novel Multi-Scale Adaptive Convolutional Network for Single Image Super-Resolution","2019","IEEE Access","7","","8675931","45191","45200","9","5","10.1109/ACCESS.2019.2908003","https://www.scopus.com/inward/record.uri?eid=2-s2.0-85064632909&doi=10.1109%2fACCESS.2019.2908003&partnerID=40&md5=307c4beacc2bcf74edaef7ad80f2a432","Article","Final","All Open Access; Gold Open Access","Scopus","2-s2.0-85064632909"
"Liu X.; Deng C.; Chanussot J.; Hong D.; Zhao B.","Liu, Xun (56963011600); Deng, Chenwei (25958671000); Chanussot, Jocelyn (6602159365); Hong, Danfeng (56108179600); Zhao, Baojun (7403059245)","56963011600; 25958671000; 6602159365; 56108179600; 7403059245","StfNet: A two-stream convolutional neural network for spatiotemporal image fusion","2019","IEEE Transactions on Geoscience and Remote Sensing","57","9","8693668","6552","6564","12","122","10.1109/TGRS.2019.2907310","https://www.scopus.com/inward/record.uri?eid=2-s2.0-85072029678&doi=10.1109%2fTGRS.2019.2907310&partnerID=40&md5=8adff3e064a2d651bd29cc7473247016","Article","Final","All Open Access; Green Open Access","Scopus","2-s2.0-85072029678"
"Zhao P.; Gao Z.; Han H.; Li G.","Zhao, Pan (57199407178); Gao, Zhongwen (55265330900); Han, Hua (35190240200); Li, Guoqing (57219364182)","57199407178; 55265330900; 35190240200; 57219364182","A multi-scale wavelet CNN for scanning electron microscopy nerve image super resolution","2019","ACM International Conference Proceeding Series","","","","213","220","7","0","10.1145/3373509.3373564","https://www.scopus.com/inward/record.uri?eid=2-s2.0-85082645024&doi=10.1145%2f3373509.3373564&partnerID=40&md5=750af29f8719900c1a35e3d2f1e2593b","Conference paper","Final","","Scopus","2-s2.0-85082645024"
"Wang C.; Zhong Z.; Jiang J.; Zhai D.; Liu X.","Wang, Chenyang (57215965241); Zhong, Zhiwei (57208238541); Jiang, Junjun (54902306100); Zhai, Deming (35236030000); Liu, Xianming (35230216700)","57215965241; 57208238541; 54902306100; 35236030000; 35230216700","Parsing Map Guided Multi-Scale Attention Network for Face Hallucination","2020","ICASSP, IEEE International Conference on Acoustics, Speech and Signal Processing - Proceedings","2020-May","","9053398","2518","2522","4","11","10.1109/ICASSP40776.2020.9053398","https://www.scopus.com/inward/record.uri?eid=2-s2.0-85089236631&doi=10.1109%2fICASSP40776.2020.9053398&partnerID=40&md5=96844a6b738ad4e2301aae8ade07a5ae","Conference paper","Final","","Scopus","2-s2.0-85089236631"
"Dong P.; Xing L.","Dong, Peng (57206167830); Xing, Lei (57213673917)","57206167830; 57213673917","Deep DoseNet: A deep neural network for accurate dosimetric transformation between different spatial resolutions and/or different dose calculation algorithms for precision radiation therapy","2020","Physics in Medicine and Biology","65","3","035010","","","","30","10.1088/1361-6560/ab652d","https://www.scopus.com/inward/record.uri?eid=2-s2.0-85079020011&doi=10.1088%2f1361-6560%2fab652d&partnerID=40&md5=a9c004e406f56edb2ea1990b5448b1bc","Article","Final","All Open Access; Green Open Access","Scopus","2-s2.0-85079020011"
"Liang Z.; Liu H.; Shang Z.; Li R.","Liang, Zuzhong (57216824209); Liu, Hui (56843833300); Shang, Zhenhong (24478806300); Li, Runxin (55491423500)","57216824209; 56843833300; 24478806300; 55491423500","Single Image Super Resolution via Deep Convolutional Dual Upscaling Branches with Different Focus","2020","Smart Innovation, Systems and Technologies","179","","","165","177","12","0","10.1007/978-981-15-3863-6_19","https://www.scopus.com/inward/record.uri?eid=2-s2.0-85084828024&doi=10.1007%2f978-981-15-3863-6_19&partnerID=40&md5=942f6fb9c6dab8f74f0a87c8c01a0bd1","Conference paper","Final","","Scopus","2-s2.0-85084828024"
"Shi B.; Tang Z.; Luo G.; Jiang M.","Shi, Bizhao (57216823626); Tang, Zhucheng (57216822010); Luo, Guojie (24176161800); Jiang, Ming (25224695400)","57216823626; 57216822010; 24176161800; 25224695400","Winograd-based real-time super-resolution system on FPGA","2019","Proceedings - 2019 International Conference on Field-Programmable Technology, ICFPT 2019","2019-December","","8977840","423","426","3","9","10.1109/ICFPT47387.2019.00083","https://www.scopus.com/inward/record.uri?eid=2-s2.0-85084790340&doi=10.1109%2fICFPT47387.2019.00083&partnerID=40&md5=6c7d6bb78f6419bfbb55c2899d844f93","Conference paper","Final","","Scopus","2-s2.0-85084790340"
"Dobrovolny M.; Mls K.; Krejcar O.; Mambou S.; Selamat A.","Dobrovolny, Michal (57216899296); Mls, Karel (55696848000); Krejcar, Ondrej (14719632500); Mambou, Sebastien (57201070480); Selamat, Ali (24468984100)","57216899296; 55696848000; 14719632500; 57201070480; 24468984100","Medical Image Data Upscaling with Generative Adversarial Networks","2020","Lecture Notes in Computer Science (including subseries Lecture Notes in Artificial Intelligence and Lecture Notes in Bioinformatics)","12108 LNBI","","","739","749","10","2","10.1007/978-3-030-45385-5_66","https://www.scopus.com/inward/record.uri?eid=2-s2.0-85085201299&doi=10.1007%2f978-3-030-45385-5_66&partnerID=40&md5=df08fd705817a43c59988e754e27a4d6","Conference paper","Final","","Scopus","2-s2.0-85085201299"
"","","","Annual International Conference on 3D Imaging Technology, IC3DIT 2019","2020","Smart Innovation, Systems and Technologies","179","","","","","521","0","","https://www.scopus.com/inward/record.uri?eid=2-s2.0-85084830660&partnerID=40&md5=ce895b7073bf7a21134f65766dc98aa9","Conference review","Final","","Scopus","2-s2.0-85084830660"
"Rai A.; Chudasama V.; Upla K.; Raja K.; Ramachandra R.; Busch C.","Rai, Aashish (57216288732); Chudasama, Vishal (57202047982); Upla, Kishor (53985429600); Raja, Kiran (57188866050); Ramachandra, Raghavendra (57190835798); Busch, Christoph (7101767185)","57216288732; 57202047982; 53985429600; 57188866050; 57190835798; 7101767185","ComSupResNet: A Compact Super-Resolution Network for Low-Resolution Face Images","2020","2020 8th International Workshop on Biometrics and Forensics, IWBF 2020 - Proceedings","","","9107946","","","","4","10.1109/IWBF49977.2020.9107946","https://www.scopus.com/inward/record.uri?eid=2-s2.0-85087075320&doi=10.1109%2fIWBF49977.2020.9107946&partnerID=40&md5=3decfe04dc45203321337c1379b1889e","Conference paper","Final","","Scopus","2-s2.0-85087075320"
"Li Q.; Dai T.; Xia S.-T.","Li, Qiang (57219434384); Dai, Tao (56940086700); Xia, Shu-Tao (7202892509)","57219434384; 56940086700; 7202892509","Progressive splitting and upscaling structure for super-resolution","2020","Proceedings - International Conference on Pattern Recognition","","","9413106","8885","8891","6","0","10.1109/ICPR48806.2021.9413106","https://www.scopus.com/inward/record.uri?eid=2-s2.0-85110504468&doi=10.1109%2fICPR48806.2021.9413106&partnerID=40&md5=9b2efb911fe3613bfe8f3c7f98a92e4e","Conference paper","Final","","Scopus","2-s2.0-85110504468"
"Li X.; Zhang J.; Wang M.; Xu G.","Li, Xian (57202588576); Zhang, Jiahuan (57211230098); Wang, Minjie (57208133737); Xu, Gang (57211228049)","57202588576; 57211230098; 57208133737; 57211228049","Deep Generate Residual Similar Feature Networks for Image Super-Resolution","2019","Journal of Physics: Conference Series","1302","3","032036","","","","1","10.1088/1742-6596/1302/3/032036","https://www.scopus.com/inward/record.uri?eid=2-s2.0-85073053102&doi=10.1088%2f1742-6596%2f1302%2f3%2f032036&partnerID=40&md5=5b4a4f1e136f40a193220d029f78c960","Conference paper","Final","All Open Access; Bronze Open Access","Scopus","2-s2.0-85073053102"
"Sharma S.; Bawa V.S.; Kumar V.","Sharma, Shailza (57307338300); Bawa, Vivek Singh (57215592780); Kumar, Vinay (57212901158)","57307338300; 57215592780; 57212901158","A Novel Two-stage Residual Learning Based Convolutional Neural Network for Image Super Resolution","2019","Fundamenta Informaticae","168","2-4","","335","351","16","1","10.3233/FI-2019-1835","https://www.scopus.com/inward/record.uri?eid=2-s2.0-85073213590&doi=10.3233%2fFI-2019-1835&partnerID=40&md5=8160e2339dbb66e11d8e979d24ed80d7","Article","Final","","Scopus","2-s2.0-85073213590"
"Ju C.; Su X.; Yang H.; Ning H.","Ju, Chunwu (57204643973); Su, Xiuqin (18438569800); Yang, Haoyuan (57213132805); Ning, Hailong (57207357175)","57204643973; 18438569800; 57213132805; 57207357175","Single-image super-resolution reconstruction via generative adversarial network","2019","Proceedings of SPIE - The International Society for Optical Engineering","10843","","108430J","","","","0","10.1117/12.2505809","https://www.scopus.com/inward/record.uri?eid=2-s2.0-85062445635&doi=10.1117%2f12.2505809&partnerID=40&md5=265e30072d441ece1eb60240053d2c8d","Conference paper","Final","","Scopus","2-s2.0-85062445635"
"Greiner T.L.; Kolbjørnsen O.; Lie J.E.; Nilsen E.H.; Evensen A.K.; Gelius L.","Greiner, Thomas Larsen (57214913204); Kolbjørnsen, Odd (6602713000); Lie, Jan Erik (55850721200); Nilsen, Espen Harris (57194181365); Evensen, Andreas Kjelsrud (57194039943); Gelius, Leiv (6701524775)","57214913204; 6602713000; 55850721200; 57194181365; 57194039943; 6701524775","Cross-streamer wavefield interpolation using deep convolutional neural network","2020","SEG International Exposition and Annual Meeting 2019","","","","2207","2211","4","7","10.1190/segam2019-3214009.1","https://www.scopus.com/inward/record.uri?eid=2-s2.0-85079505126&doi=10.1190%2fsegam2019-3214009.1&partnerID=40&md5=f0abb1c0ada0766063a15dd30947c144","Conference paper","Final","All Open Access; Green Open Access","Scopus","2-s2.0-85079505126"
